ID,name,company,year,price,kms_driven,fuel_type,color,volume
1,KIA K5,KIA,2019,25000,85000,Petrol,Black,2.5
2,KIA K5,KIA,2016,18000,120000,LPG,White,2.0
3,KIA K5,KIA,2020,27000,65000,LPG,Blue,2.0
4,KIA K5,KIA,2018,22000,140000,Petrol,Silver,2.5
5,KIA K5,KIA,2017,20000,90000,LPG,Gray,2.0
6,KIA K5,KIA,2021,30000,45000,LPG,White,2.0
7,KIA K5,KIA,2019,25000,85000,Petrol,Black,2.5
8,KIA K5,KIA,2016,18000,120000,LPG,White,2.0
9,KIA K5,KIA,2020,27000,65000,LPG,Blue,2.0
10,KIA K5,KIA,2018,22000,140000,Petrol,Silver,2.5
11,KIA K5,KIA,2017,20000,90000,LPG,Gray,2.0
12,KIA K5,KIA,2021,30000,45000,LPG,White,2.0
13,KIA K5,KIA,2019,25000,85000,Petrol,Black,2.5
14,KIA K5,KIA,2016,18000,120000,LPG,White,2.0
15,KIA K5,KIA,2020,27000,65000,LPG,Blue,2.0
16,KIA K5,KIA,2018,22000,140000,Petrol,Silver,2.5
17,KIA K5,KIA,2017,20000,90000,LPG,Gray,2.0
18,KIA K5,KIA,2021,30000,45000,LPG,White,2.0
19,KIA K5,KIA,2019,25000,85000,Petrol,Black,2.5
20,KIA K5,KIA,2016,18000,120000,LPG,White,2.0
21,KIA K5,KIA,2020,27000,65000,LPG,Blue,2.0
22,KIA K5,KIA,2018,22000,140000,Petrol,White,2.5
23,KIA K5,KIA,2017,20000,90000,LPG,Gray,2.0
24,KIA K5,KIA,2021,30000,45000,LPG,White,2.0
25,KIA K5,KIA,2019,25000,85000,Petrol,Black,2.5
26,KIA K5,KIA,2016,18000,120000,LPG,White,2.0
27,KIA K5,KIA,2020,27000,65000,LPG,Blue,2.0
28,KIA K5,KIA,2018,22000,140000,Petrol,White,2.5
29,KIA K5,KIA,2017,20000,90000,LPG,Gray,2.0
30,KIA K5,KIA,2021,30000,45000,LPG,White,2.0
31,KIA K5,KIA,2019,25000,85000,Petrol,Black,2.5
32,KIA K5,KIA,2016,18000,120000,LPG,White,2.0
33,KIA K5,KIA,2020,27000,65000,LPG,Blue,2.0
34,KIA K5,KIA,2018,22000,140000,Petrol,Silver,2.5
35,KIA K5,KIA,2017,20000,90000,LPG,Gray,2.0
36,KIA K5,KIA,2021,30000,45000,LPG,White,2.0
37,KIA K5,KIA,2019,25000,85000,Petrol,Black,2.5
38,KIA K5,KIA,2016,18000,120000,LPG,White,2.0
39,KIA K5,KIA,2020,27000,65000,LPG,Blue,2.0
40,KIA K5,KIA,2018,22000,140000,Petrol,Silver,2.5
41,KIA K5,KIA,2017,20000,90000,LPG,Gray,2.0
42,KIA K5,KIA,2021,30000,45000,LPG,White,2.0
43,KIA K5,KIA,2019,25000,85000,Petrol,Black,2.5
44,KIA K5,KIA,2016,18000,120000,LPG,White,2.0
45,KIA K5,KIA,2020,27000,65000,LPG,Blue,2.0
46,KIA K5,KIA,2018,22000,140000,Petrol,Silver,2.5
47,KIA K5,KIA,2017,20000,90000,LPG,Gray,2.0
48,KIA K5,KIA,2021,30000,45000,LPG,White,2.0
49,KIA K5,KIA,2019,25000,85000,Petrol,Black,2.5
50,KIA K5,KIA,2016,18000,120000,LPG,White,2.0
51,KIA K5,KIA,2020,27000,65000,LPG,Blue,2.0
52,KIA K5,KIA,2018,22000,140000,Petrol,Silver,2.5
53,KIA K5,KIA,2017,20000,90000,LPG,Gray,2.0
54,KIA K5,KIA,2021,30000,45000,LPG,White,2.0
55,KIA K5,KIA,2019,25000,85000,Petrol,Black,2.5
56,KIA K5,KIA,2016,18000,120000,LPG,White,2.0
57,KIA K5,KIA,2020,27000,65000,LPG,Blue,2.0
58,KIA K5,KIA,2018,22000,140000,Petrol,Silver,2.5
59,KIA K5,KIA,2017,20000,90000,LPG,Gray,2.0
60,KIA K5,KIA,2021,30000,45000,LPG,White,2.0
61,KIA K5,KIA,2019,25000,85000,Petrol,Black,2.5
62,KIA K5,KIA,2016,18000,120000,LPG,White,2.0
63,KIA K5,KIA,2020,27000,65000,LPG,Blue,2.0
64,KIA K5,KIA,2018,22000,140000,Petrol,Silver,2.5
65,KIA K5,KIA,2017,20000,90000,LPG,Gray,2.0
66,KIA K5,KIA,2021,30000,45000,LPG,Silver,2.5
67,KIA K5,KIA,2023,31000,25000,Petrol,Black,2.5
68,KIA K5,KIA,2016,17000,130000,LPG,White,2.0
69,KIA K5,KIA,2018,23000,110000,LPG,Blue,2.0
70,KIA K5,KIA,2022,29000,50000,Petrol,White,2.5
71,KIA K5,KIA,2017,19500,115000,LPG,Gray,2.0
72,KIA K5,KIA,2021,30500,47000,LPG,White,2.0
73,KIA K5,KIA,2019,25500,88000,Petrol,Black,2.5
74,KIA K5,KIA,2016,18200,125000,LPG,White,2.0
75,KIA K5,KIA,2020,27500,67000,LPG,Blue,2.0
76,KIA K5,KIA,2018,22500,145000,Petrol,Silver,2.5
77,KIA K5,KIA,2017,20500,95000,LPG,Gray,2.0
78,KIA K5,KIA,2021,31000,46000,LPG,White,2.0
79,KIA K5,KIA,2019,26000,89000,Petrol,Black,2.5
80,KIA K5,KIA,2016,17500,118000,LPG,White,2.0
81,KIA K5,KIA,2020,28000,66000,LPG,Blue,2.0
82,KIA K5,KIA,2018,24000,135000,Petrol,Silver,2.5
83,KIA K5,KIA,2017,21000,99000,LPG,White,2.0
84,KIA K5,KIA,2021,31500,48000,LPG,White,2.0
85,KIA K5,KIA,2019,26500,86000,Petrol,Black,2.5
86,KIA K5,KIA,2016,19000,126000,LPG,White,2.0
87,KIA K5,KIA,2020,28500,63000,LPG,Blue,2.0
88,KIA K5,KIA,2018,23500,142000,Petrol,Silver,2.5
89,KIA K5,KIA,2017,21500,92000,LPG,Gray,2.0
90,KIA K5,KIA,2021,32000,45000,LPG,White,2.0
91,KIA K5,KIA,2019,27000,82000,Petrol,Black,2.5
92,KIA K5,KIA,2016,18000,128000,LPG,White,2.0
93,KIA K5,KIA,2020,29000,61000,LPG,Blue,2.0
94,KIA K5,KIA,2018,24500,138000,Petrol,Silver,2.5
95,KIA K5,KIA,2017,22000,102000,LPG,Gray,2.0
96,KIA K5,KIA,2021,32500,43000,LPG,White,2.0
97,KIA K5,KIA,2019,27500,83000,Petrol,Black,2.5
98,KIA K5,KIA,2016,18500,121000,LPG,White,2.0
99,KIA K5,KIA,2020,29500,64000,LPG,Blue,2.0
100,KIA K5,KIA,2018,25000,139000,Petrol,Silver,2.5
101,KIA K5,KIA,2018,21500,95000,Petrol,Silver,2.5
102,KIA K5,KIA,2019,23500,87000,LPG,White,2.0
103,KIA K5,KIA,2020,25000,54000,Petrol,Blue,2.0
104,KIA K5,KIA,2021,27500,37000,Petrol,Black,2.5
105,KIA K5,KIA,2020,24500,69000,LPG,Gray,2.0
106,KIA K5,KIA,2017,18000,110000,Petrol,Silver,2.5
107,KIA K5,KIA,2016,15000,128000,LPG,White,2.0
108,KIA K5,KIA,2019,23000,84000,Petrol,White,2.5
109,KIA K5,KIA,2021,28500,45000,LPG,Blue,2.0
110,KIA K5,KIA,2020,26000,60000,Petrol,Black,1.6
111,KIA K5,KIA,2018,21000,112000,LPG,Gray,2.0
112,KIA K5,KIA,2019,22000,91000,Petrol,Silver,2.5
113,KIA K5,KIA,2020,25500,68000,LPG,White,1.6
114,KIA K5,KIA,2017,16500,118000,Petrol,White,2.5
115,KIA K5,KIA,2021,29000,42000,Petrol,Blue,1.6
116,KIA K5,KIA,2020,26500,59000,LPG,Black,2.0
117,KIA K5,KIA,2018,20500,120000,Petrol,Gray,2.5
118,KIA K5,KIA,2019,24000,86000,LPG,Silver,2.0
119,KIA K5,KIA,2021,30000,41000,Petrol,White,2.5
120,KIA K5,KIA,2020,28000,55000,LPG,White,1.6
121,KIA K5,KIA,2018,19000,115000,Petrol,Blue,2.5
122,KIA K5,KIA,2019,22500,88000,LPG,Black,2.0
123,KIA K5,KIA,2020,24500,66000,Petrol,Gray,1.6
124,KIA K5,KIA,2021,27500,39000,LPG,Silver,2.0
125,KIA K5,KIA,2018,21000,117000,Petrol,White,2.5
126,KIA K5,KIA,2019,23500,92000,LPG,White,2.0
127,KIA K5,KIA,2020,26000,63000,Petrol,Blue,1.6
128,KIA K5,KIA,2021,28500,46000,LPG,Black,2.0
129,KIA K5,KIA,2018,19500,113000,Petrol,Gray,2.5
130,KIA K5,KIA,2019,23000,85000,LPG,Silver,2.0
131,KIA K5,KIA,2020,25500,61000,Petrol,White,1.6
132,KIA K5,KIA,2021,29000,43000,LPG,White,2.0
133,KIA K5,KIA,2018,20000,119000,Petrol,Blue,2.5
134,KIA K5,KIA,2019,24500,80000,LPG,Black,2.0
135,KIA K5,KIA,2020,27000,58000,Petrol,Gray,1.6
136,KIA K5,KIA,2021,30500,41000,LPG,Silver,2.0
137,KIA K5,KIA,2018,18000,122000,Petrol,White,2.5
138,KIA K5,KIA,2019,23500,89000,LPG,White,2.0
139,KIA K5,KIA,2020,25000,62000,Petrol,Blue,1.6
140,KIA K5,KIA,2021,29500,44000,LPG,Black,2.0
141,KIA K5,KIA,2018,19500,115000,Petrol,Gray,2.5
142,KIA K5,KIA,2019,22000,87000,LPG,Silver,2.0
143,KIA K5,KIA,2020,26000,60000,Petrol,White,1.6
144,KIA K5,KIA,2021,28000,46000,LPG,White,2.0
145,KIA K5,KIA,2018,20500,110000,Petrol,Blue,2.5
146,KIA K5,KIA,2019,24000,84000,LPG,Black,2.0
147,KIA K5,KIA,2020,26500,57000,Petrol,Gray,1.6
148,KIA K5,KIA,2021,31000,42000,LPG,Silver,2.0
149,KIA K5,KIA,2018,19000,118000,Petrol,White,2.5
150,KIA K5,KIA,2019,23000,86000,LPG,White,2.0
151,KIA K5,KIA,2018,20000,108000,Petrol,Blue,2.5
152,KIA K5,KIA,2019,22500,90000,LPG,Black,2.0
153,KIA K5,KIA,2020,24500,65000,Petrol,Gray,1.6
154,KIA K5,KIA,2021,27000,48000,LPG,Silver,2.0
155,KIA K5,KIA,2018,21000,117000,Petrol,White,2.5
156,KIA K5,KIA,2019,23500,92000,LPG,White,2.0
157,KIA K5,KIA,2020,25500,62000,Petrol,Blue,1.6
158,KIA K5,KIA,2021,28000,45000,LPG,Black,2.0
159,KIA K5,KIA,2018,19500,119000,Petrol,Gray,2.5
160,KIA K5,KIA,2019,23000,86000,LPG,Silver,2.0
161,KIA K5,KIA,2020,26500,61000,Petrol,White,1.6
162,KIA K5,KIA,2021,29000,43000,LPG,White,2.0
163,KIA K5,KIA,2018,18500,121000,Petrol,Blue,2.5
164,KIA K5,KIA,2019,21500,91000,LPG,Black,2.0
165,KIA K5,KIA,2020,24000,67000,Petrol,Gray,1.6
166,KIA K5,KIA,2021,26500,40000,LPG,Silver,2.0
167,KIA K5,KIA,2018,19500,110000,Petrol,White,2.5
168,KIA K5,KIA,2019,22000,89000,LPG,White,2.0
169,KIA K5,KIA,2020,25000,62000,Petrol,Blue,1.6
170,KIA K5,KIA,2021,27500,45000,LPG,Black,2.0
171,KIA K5,KIA,2018,20000,116000,Petrol,Gray,2.5
172,KIA K5,KIA,2019,23500,87000,LPG,Silver,2.0
173,KIA K5,KIA,2020,26000,60000,Petrol,White,1.6
174,KIA K5,KIA,2021,28500,43000,LPG,White,2.0
175,KIA K5,KIA,2018,19000,115000,Petrol,Blue,2.5
176,KIA K5,KIA,2019,22000,90000,LPG,Black,2.0
177,KIA K5,KIA,2020,24000,64000,Petrol,Gray,1.6
178,KIA K5,KIA,2021,26500,41000,LPG,Silver,2.0
179,KIA K5,KIA,2018,20500,111000,Petrol,White,2.5
180,KIA K5,KIA,2019,23000,87000,LPG,White,2.0
181,KIA K5,KIA,2020,25000,63000,Petrol,Blue,1.6
182,KIA K5,KIA,2021,27500,42000,LPG,Black,2.0
183,KIA K5,KIA,2018,18500,112000,Petrol,Gray,2.5
184,KIA K5,KIA,2019,21500,86000,LPG,Silver,2.0
185,KIA K5,KIA,2020,23500,65000,Petrol,White,1.6
186,KIA K5,KIA,2021,26500,44000,LPG,White,2.0
187,KIA K5,KIA,2018,20000,117000,Petrol,Blue,2.5
188,KIA K5,KIA,2019,22000,87000,LPG,Black,2.0
189,KIA K5,KIA,2020,25000,60000,Petrol,Gray,1.6
190,KIA K5,KIA,2021,27500,41000,LPG,Silver,2.0
191,KIA K5,KIA,2018,18000,118000,Petrol,White,2.5
192,KIA K5,KIA,2019,23500,92000,LPG,White,2.0
193,KIA K5,KIA,2020,26000,64000,Petrol,Blue,1.6
194,KIA K5,KIA,2021,29000,45000,LPG,Black,2.0
195,KIA K5,KIA,2018,20000,113000,Petrol,Gray,2.5
196,KIA K5,KIA,2019,22000,85000,LPG,Silver,2.0
197,KIA K5,KIA,2020,24500,61000,Petrol,White,1.6
198,KIA K5,KIA,2021,27500,42000,LPG,White,2.0
199,KIA K5,KIA,2018,18000,114000,Petrol,Blue,2.5
200,KIA K5,KIA,2019,23000,87000,LPG,Black,2.0
201,KIA K5,KIA,2018,19500,118000,Petrol,Blue,2.5
202,KIA K5,KIA,2019,22000,94000,LPG,Black,2.0
203,KIA K5,KIA,2020,24500,67000,Petrol,Gray,1.6
204,KIA K5,KIA,2021,27000,49000,LPG,Silver,2.0
205,KIA K5,KIA,2018,20500,125000,Petrol,White,2.5
206,KIA K5,KIA,2019,23000,99000,LPG,White,2.0
207,KIA K5,KIA,2020,25500,69000,Petrol,Blue,1.6
208,KIA K5,KIA,2021,28000,47000,LPG,Black,2.0
209,KIA K5,KIA,2018,19000,126000,Petrol,Gray,2.5
210,KIA K5,KIA,2019,22500,93000,LPG,Silver,2.0
211,KIA K5,KIA,2020,26500,71000,Petrol,White,1.6
212,KIA K5,KIA,2021,29000,45000,LPG,White,2.0
213,KIA K5,KIA,2018,18500,128000,Petrol,Blue,2.5
214,KIA K5,KIA,2019,21500,96000,LPG,Black,2.0
215,KIA K5,KIA,2020,24000,72000,Petrol,Gray,1.6
216,KIA K5,KIA,2021,26500,48000,LPG,Silver,2.0
217,KIA K5,KIA,2018,19500,118000,Petrol,White,2.5
218,KIA K5,KIA,2019,22000,97000,LPG,White,2.0
219,KIA K5,KIA,2020,25500,75000,Petrol,Blue,1.6
220,KIA K5,KIA,2021,28000,49000,LPG,Black,2.0
221,KIA K5,KIA,2018,18500,125000,Petrol,Gray,2.5
222,KIA K5,KIA,2019,22500,94000,LPG,Silver,2.0
223,KIA K5,KIA,2020,24000,78000,Petrol,White,1.6
224,KIA K5,KIA,2021,27000,50000,LPG,White,2.0
225,KIA K5,KIA,2018,19000,130000,Petrol,Blue,2.5
226,KIA K5,KIA,2019,21000,99000,LPG,Black,2.0
227,KIA K5,KIA,2020,23500,71000,Petrol,Gray,1.0
228,KIA K5,KIA,2021,26500,46000,LPG,Silver,2.0
229,KIA K5,KIA,2018,18500,127000,Petrol,White,2.5
230,KIA K5,KIA,2019,22000,95000,LPG,White,2.0
231,KIA K5,KIA,2020,25000,75000,Petrol,Blue,1.6
232,KIA K5,KIA,2021,27500,49000,LPG,Black,2.0
233,KIA K5,KIA,2018,18000,129000,Petrol,Gray,2.5
234,KIA K5,KIA,2019,21500,91000,LPG,Silver,2.0
235,KIA K5,KIA,2020,24500,74000,Petrol,White,1.6
236,KIA K5,KIA,2021,27000,46000,LPG,White,2.0
237,KIA K5,KIA,2018,18500,132000,Petrol,Blue,2.5
238,KIA K5,KIA,2019,22500,96000,LPG,Black,2.0
239,KIA K5,KIA,2020,26000,76000,Petrol,Gray,1.6
240,KIA K5,KIA,2021,28500,48000,LPG,Silver,2.0
241,KIA K5,KIA,2018,18000,135000,Petrol,White,2.5
242,KIA K5,KIA,2019,21000,93000,LPG,White,2.0
243,KIA K5,KIA,2020,23500,77000,Petrol,Blue,1.6
244,KIA K5,KIA,2021,27000,47000,LPG,Black,2.0
245,KIA K5,KIA,2018,18500,131000,Petrol,Gray,2.5
246,KIA K5,KIA,2019,21500,98000,LPG,Silver,2.0
247,KIA K5,KIA,2020,25000,73000,Petrol,White,1.6
248,KIA K5,KIA,2021,27500,49000,LPG,White,2.0
249,KIA K5,KIA,2018,18000,134000,Petrol,Blue,2.5
250,KIA K5,KIA,2019,22000,92000,LPG,Black,2.0
251,KIA K5,KIA,2018,15000,134000,Petrol,Blue,2.5
252,KIA K5,KIA,2019,17000,94000,LPG,Black,2.0
253,KIA K5,KIA,2020,19000,72000,Petrol,Gray,1.6
254,KIA K5,KIA,2021,21000,49000,LPG,Silver,2.0
255,KIA K5,KIA,2018,15500,128000,Petrol,White,2.5
256,KIA K5,KIA,2019,16500,97000,LPG,White,2.0
257,KIA K5,KIA,2020,19500,75000,Petrol,Blue,1.6
258,KIA K5,KIA,2021,22000,47000,LPG,Black,2.0
259,KIA K5,KIA,2018,15000,126000,Petrol,Gray,2.5
260,KIA K5,KIA,2019,17000,93000,LPG,Silver,2.0
261,KIA K5,KIA,2020,19000,78000,Petrol,White,1.6
262,KIA K5,KIA,2021,21500,50000,LPG,White,2.0
263,KIA K5,KIA,2018,15000,130000,Petrol,Blue,2.5
264,KIA K5,KIA,2019,16000,96000,LPG,Black,2.0
265,KIA K5,KIA,2020,18500,72000,Petrol,Gray,1.6
266,KIA K5,KIA,2021,21000,48000,LPG,Silver,2.0
267,KIA K5,KIA,2018,15500,132000,Petrol,White,2.5
268,KIA K5,KIA,2019,17000,97000,LPG,White,2.0
269,KIA K5,KIA,2020,20000,77000,Petrol,Blue,1.6
270,KIA K5,KIA,2021,22500,49000,LPG,Black,2.0
271,KIA K5,KIA,2018,15000,128000,Petrol,Gray,2.5
272,KIA K5,KIA,2019,17500,95000,LPG,Silver,2.0
273,KIA K5,KIA,2020,20500,73000,Petrol,White,1.6
274,KIA K5,KIA,2021,23000,46000,LPG,White,2.0
275,KIA K5,KIA,2018,15500,132000,Petrol,Blue,2.5
276,KIA K5,KIA,2019,17000,96000,LPG,Black,2.0
277,KIA K5,KIA,2020,19000,74000,Petrol,Gray,1.6
278,KIA K5,KIA,2021,21500,48000,LPG,Silver,2.0
279,KIA K5,KIA,2018,16000,129000,Petrol,White,2.5
280,KIA K5,KIA,2019,17500,95000,LPG,White,2.0
281,KIA K5,KIA,2020,20500,75000,Petrol,Blue,1.6
282,KIA K5,KIA,2021,23000,49000,LPG,Black,2.0
283,KIA K5,KIA,2018,15500,128000,Petrol,Gray,2.5
284,KIA K5,KIA,2019,16500,92000,LPG,Silver,2.0
285,KIA K5,KIA,2020,19000,72000,Petrol,White,1.6
286,KIA K5,KIA,2021,21500,47000,LPG,White,2.0
287,KIA K5,KIA,2018,15000,134000,Petrol,Blue,2.5
288,KIA K5,KIA,2019,17000,94000,LPG,Black,2.0
289,KIA K5,KIA,2020,19000,72000,Petrol,Gray,1.6
290,KIA K5,KIA,2021,21000,49000,LPG,Silver,2.0
291,KIA K5,KIA,2018,15500,128000,Petrol,White,2.5
292,KIA K5,KIA,2019,16500,97000,LPG,White,2.0
293,KIA K5,KIA,2020,19500,75000,Petrol,Blue,1.6
294,KIA K5,KIA,2021,22000,47000,LPG,Black,2.0
295,KIA K5,KIA,2018,15000,126000,Petrol,Gray,2.5
296,KIA K5,KIA,2019,17000,93000,LPG,Silver,2.0
297,KIA K5,KIA,2020,19000,78000,Petrol,White,1.6
298,KIA K5,KIA,2021,21500,50000,LPG,White,2.0
299,KIA K5,KIA,2018,15500,130000,Petrol,Blue,2.5
300,KIA K5,KIA,2019,16000,96000,LPG,Black,2.0
301,KIA K5,KIA,2018,14500,127000,Petrol,Black,2.5
302,KIA K5,KIA,2019,16000,95000,Petrol,White,2.5
303,KIA K5,KIA,2017,13000,110000,LPG,Gray,2.5
304,KIA K5,KIA,2020,18000,78000,LPG,Blue,2.5
305,KIA K5,KIA,2018,14500,125000,Petrol,Silver,2.5
306,KIA K5,KIA,2019,16000,93000,LPG,White,2.5
307,KIA K5,KIA,2017,13000,105000,LPG,Black,2.5
308,KIA K5,KIA,2020,18000,76000,Petrol,White,2.5
309,KIA K5,KIA,2018,14500,129000,Petrol,Gray,2.5
310,KIA K5,KIA,2019,16000,91000,LPG,Blue,2.5
311,KIA K5,KIA,2017,13000,100000,Petrol,Silver,2.5
312,KIA K5,KIA,2020,18000,74000,LPG,White,2.5
313,KIA K5,KIA,2018,14500,131000,LPG,Black,2.5
314,KIA K5,KIA,2019,16000,89000,Petrol,White,2.5
315,KIA K5,KIA,2017,13000,95000,Petrol,Gray,2.5
316,KIA K5,KIA,2020,18000,72000,LPG,Blue,2.5
317,KIA K5,KIA,2018,14500,133000,Petrol,Silver,2.5
318,KIA K5,KIA,2019,16000,87000,LPG,White,2.5
319,KIA K5,KIA,2017,13000,98000,LPG,Black,2.5
320,KIA K5,KIA,2020,18000,70000,Petrol,White,2.5
321,KIA K5,KIA,2018,14500,135000,LPG,Gray,2.5
322,KIA K5,KIA,2019,16000,85000,Petrol,Blue,2.5
323,KIA K5,KIA,2017,13000,101000,LPG,Silver,2.5
324,KIA K5,KIA,2020,18000,68000,Petrol,White,2.5
325,KIA K5,KIA,2018,14500,137000,Petrol,Black,2.5
326,KIA K5,KIA,2019,16000,83000,LPG,White,2.5
327,KIA K5,KIA,2017,13000,103000,Petrol,Gray,2.5
328,KIA K5,KIA,2020,18000,66000,LPG,Blue,2.5
329,KIA K5,KIA,2018,14500,139000,LPG,Silver,2.5
330,KIA K5,KIA,2019,16000,81000,Petrol,White,2.5
331,KIA K5,KIA,2017,13000,105000,LPG,Black,2.5
332,KIA K5,KIA,2020,18000,64000,Petrol,White,2.5
333,KIA K5,KIA,2018,14500,141000,Petrol,Gray,2.5
334,KIA K5,KIA,2019,16000,79000,LPG,Blue,2.5
335,KIA K5,KIA,2017,13000,107000,Petrol,Silver,2.5
336,KIA K5,KIA,2020,18000,62000,LPG,White,2.5
337,KIA K5,KIA,2018,14500,143000,LPG,Black,2.5
338,KIA K5,KIA,2019,16000,77000,Petrol,White,2.5
339,KIA K5,KIA,2017,13000,109000,LPG,Gray,2.5
340,KIA K5,KIA,2020,18000,60000,Petrol,Blue,2.5
341,KIA K5,KIA,2018,14500,145000,Petrol,Silver,2.5
342,KIA K5,KIA,2019,16000,75000,LPG,White,2.5
343,KIA K5,KIA,2017,13000,111000,Petrol,Black,2.5
344,KIA K5,KIA,2020,18000,58000,LPG,White,2.5
345,KIA K5,KIA,2018,14500,147000,LPG,Gray,2.5
346,KIA K5,KIA,2019,16000,73000,Petrol,Blue,2.5
347,KIA K5,KIA,2017,13000,113000,Petrol,Silver,2.5
348,KIA K5,KIA,2020,18000,56000,LPG,White,2.5
349,KIA K5,KIA,2018,14500,149000,Petrol,Black,2.5
350,KIA K5,KIA,2019,16000,71000,LPG,White,2.5
351,KIA K5,KIA,2017,13000,115000,LPG,Gray,2.5
352,KIA K5,KIA,2020,18000,54000,Petrol,Blue,2.5
353,KIA K5,KIA,2018,14500,151000,Petrol,Silver,2.5
354,KIA K5,KIA,2019,16000,69000,LPG,White,2.5
355,KIA K5,KIA,2017,13000,117000,Petrol,Black,2.5
356,KIA K5,KIA,2020,18000,52000,LPG,White,2.5
357,KIA K5,KIA,2018,14500,153000,LPG,Gray,2.5
358,KIA K5,KIA,2019,16000,67000,Petrol,Blue,2.5
359,KIA K5,KIA,2017,13000,119000,LPG,Silver,2.5
360,KIA K5,KIA,2020,18000,50000,Petrol,White,2.5
361,KIA K5,KIA,2018,14500,155000,Petrol,Black,2.5
362,KIA K5,KIA,2019,16000,65000,LPG,White,2.5
363,KIA K5,KIA,2017,13000,121000,LPG,Gray,2.5
364,KIA K5,KIA,2020,18000,48000,Petrol,Blue,2.5
365,KIA K5,KIA,2018,14500,157000,LPG,Silver,2.5
366,KIA K5,KIA,2019,16000,63000,Petrol,White,2.5
367,KIA K5,KIA,2017,13000,123000,Petrol,Black,2.5
368,KIA K5,KIA,2020,18000,46000,LPG,White,2.5
369,KIA K5,KIA,2018,14500,159000,Petrol,Gray,2.5
370,KIA K5,KIA,2019,16000,61000,LPG,Blue,2.5
371,KIA K5,KIA,2017,13000,125000,Petrol,Silver,2.5
372,KIA K5,KIA,2020,18000,44000,LPG,White,2.5
373,KIA K5,KIA,2018,14500,161000,LPG,Black,2.5
374,KIA K5,KIA,2019,16000,59000,Petrol,White,2.5
375,KIA K5,KIA,2017,13000,127000,LPG,Gray,2.5
376,KIA K5,KIA,2020,18000,42000,Petrol,Blue,2.5
377,KIA K5,KIA,2018,14500,163000,Petrol,Silver,2.5
378,KIA K5,KIA,2019,16000,57000,LPG,White,2.5
379,KIA K5,KIA,2017,13000,129000,LPG,Black,2.5
380,KIA K5,KIA,2020,18000,40000,Petrol,White,2.5
381,KIA K5,KIA,2022,23500,29000,Petrol,White,2.0
382,KIA K5,KIA,2024,27000,6000,LPG,Black,1.6
383,KIA K5,KIA,2023,24800,65000,Petrol,Blue,2.0
384,KIA K5,KIA,2023,25200,55000,LPG,Silver,1.6
385,KIA K5,KIA,2022,23100,33000,Petrol,White,2.0
386,KIA K5,KIA,2024,26700,8000,LPG,Gray,1.6
387,KIA K5,KIA,2023,24500,60000,Petrol,White,2.0
388,KIA K5,KIA,2022,23700,38000,LPG,Black,1.6
389,KIA K5,KIA,2024,27500,12000,Petrol,Blue,2.0
390,KIA K5,KIA,2023,24900,65000,LPG,Silver,1.6
391,KIA K5,KIA,2022,22900,30000,Petrol,White,2.0
392,KIA K5,KIA,2024,26300,7000,LPG,Gray,1.6
393,KIA K5,KIA,2023,24100,58000,Petrol,White,2.0
394,KIA K5,KIA,2022,23300,36000,LPG,Black,1.6
395,KIA K5,KIA,2024,27900,8500,Petrol,Blue,2.0
396,KIA K5,KIA,2023,25700,62000,LPG,Silver,1.6
397,KIA K5,KIA,2022,22800,33000,Petrol,White,2.0
398,KIA K5,KIA,2024,26800,9500,LPG,Gray,1.6
399,KIA K5,KIA,2023,24400,68000,Petrol,White,2.0
400,KIA K5,KIA,2022,23600,34000,LPG,Black,1.6
401,KIA K5,KIA,2022,23500,29000,Petrol,White,2.0
402,KIA K5,KIA,2024,27000,6000,LPG,Black,1.6
403,KIA K5,KIA,2023,24800,65000,Petrol,Blue,2.0
404,KIA K5,KIA,2023,25200,55000,LPG,Silver,1.6
405,KIA K5,KIA,2022,23100,33000,Petrol,White,2.0
406,KIA K5,KIA,2024,26700,8000,LPG,Gray,1.6
407,KIA K5,KIA,2023,24500,60000,Petrol,White,2.0
408,KIA K5,KIA,2022,23700,38000,LPG,Black,1.6
409,KIA K5,KIA,2024,27500,12000,Petrol,Blue,2.0
410,KIA K5,KIA,2023,24900,65000,LPG,Silver,1.6
411,KIA K5,KIA,2022,22900,30000,Petrol,White,2.0
412,KIA K5,KIA,2024,26300,7000,LPG,Gray,1.6
413,KIA K5,KIA,2023,24100,58000,Petrol,White,2.0
414,KIA K5,KIA,2022,23300,36000,LPG,Black,1.6
415,KIA K5,KIA,2024,27900,8500,Petrol,Blue,2.0
416,KIA K5,KIA,2023,25700,62000,LPG,Silver,1.6
417,KIA K5,KIA,2022,22800,33000,Petrol,White,2.0
418,KIA K5,KIA,2024,26800,9500,LPG,Gray,1.6
419,KIA K5,KIA,2023,24400,68000,Petrol,White,2.0
420,KIA K5,KIA,2022,23600,34000,LPG,Black,1.6
421,KIA K5,KIA,2024,27500,11000,Petrol,Blue,2.0
422,KIA K5,KIA,2023,24200,70000,LPG,Silver,1.6
423,KIA K5,KIA,2022,23800,32000,Petrol,White,2.0
424,KIA K5,KIA,2024,26600,10500,LPG,Gray,1.6
425,KIA K5,KIA,2023,24600,62000,Petrol,White,2.0
426,KIA K5,KIA,2022,23900,31000,LPG,Black,1.6
427,KIA K5,KIA,2024,27800,11500,Petrol,Blue,2.0
428,KIA K5,KIA,2023,25300,75000,LPG,Silver,1.6
429,KIA K5,KIA,2022,24100,30000,Petrol,White,2.0
430,KIA K5,KIA,2024,26400,12000,LPG,Gray,1.6
431,KIA K5,KIA,2023,24700,78000,Petrol,White,2.0
432,KIA K5,KIA,2022,23200,29000,LPG,Black,1.6
433,KIA K5,KIA,2024,27200,12500,Petrol,Blue,2.0
434,KIA K5,KIA,2023,25500,80000,LPG,Silver,1.6
435,KIA K5,KIA,2022,23400,28000,Petrol,White,2.0
436,KIA K5,KIA,2024,27100,13000,LPG,Gray,1.6
437,KIA K5,KIA,2023,24900,82000,Petrol,White,2.0
438,KIA K5,KIA,2022,24200,27000,LPG,Black,1.6
439,KIA K5,KIA,2024,26300,13500,Petrol,Blue,2.0
440,KIA K5,KIA,2023,25800,85000,LPG,Silver,1.6
441,KIA K5,KIA,2022,24000,26000,Petrol,White,2.0
442,KIA K5,KIA,2024,27600,14000,LPG,Gray,1.6
443,KIA K5,KIA,2023,25000,88000,Petrol,White,2.0
444,KIA K5,KIA,2022,24300,25000,LPG,Black,1.6
445,KIA K5,KIA,2024,27400,14500,Petrol,Blue,2.0
446,KIA K5,KIA,2023,25900,90000,LPG,Silver,1.6
447,KIA K5,KIA,2024,25000,12000,Petrol,White,2.0
448,KIA K5,KIA,2024,27000,8000,LPG,Black,1.6
449,KIA K5,KIA,2024,28500,14000,Petrol,Blue,2.0
450,KIA K5,KIA,2024,29500,11000,LPG,Silver,1.6
451,KIA K5,KIA,2024,28000,7500,Petrol,White,2.0
452,KIA K5,KIA,2024,29800,13000,LPG,Gray,1.6
453,KIA K5,KIA,2024,26500,9000,Petrol,White,2.0
454,KIA K5,KIA,2024,30000,14500,LPG,Black,1.6
455,KIA K5,KIA,2024,29500,12500,Petrol,Blue,2.0
456,KIA K5,KIA,2024,29000,14000,LPG,Silver,1.6
471,KIA K5,KIA,2016,12000,90000,Petrol,Blue,1.6
472,KIA K5,KIA,2017,14000,75000,LPG,Silver,2.0
473,KIA K5,KIA,2018,16000,60000,Petrol,White,1.6
474,KIA K5,KIA,2019,18000,50000,LPG,Gray,2.0
475,KIA K5,KIA,2020,20000,40000,Petrol,Black,1.6
476,KIA K5,KIA,2016,12500,85000,LPG,White,2.0
477,KIA K5,KIA,2017,14500,70000,Petrol,Blue,1.6
478,KIA K5,KIA,2018,16500,55000,LPG,Silver,2.0
479,KIA K5,KIA,2019,18500,45000,Petrol,White,1.6
480,KIA K5,KIA,2020,20500,35000,LPG,Gray,2.0
481,KIA K5,KIA,2016,13000,80000,Petrol,Black,1.6
482,KIA K5,KIA,2017,15000,65000,LPG,White,2.0
483,KIA K5,KIA,2018,17000,50000,Petrol,Blue,1.6
484,KIA K5,KIA,2019,19000,40000,LPG,Silver,2.0
485,KIA K5,KIA,2020,21000,30000,Petrol,White,1.6
486,KIA K5,KIA,2016,13500,75000,LPG,Gray,2.0
487,KIA K5,KIA,2017,15500,60000,Petrol,Black,1.6
488,KIA K5,KIA,2018,17500,45000,LPG,White,2.0
489,KIA K5,KIA,2019,19500,35000,Petrol,Blue,1.6
490,KIA K5,KIA,2020,21500,25000,LPG,Silver,2.0
491,KIA K5,KIA,2016,14000,70000,Petrol,White,1.6
492,KIA K5,KIA,2017,16000,55000,LPG,Gray,2.0
493,KIA K5,KIA,2018,18000,40000,Petrol,Black,1.6
494,KIA K5,KIA,2019,20000,30000,LPG,White,2.0
495,KIA K5,KIA,2020,22000,20000,Petrol,Blue,1.6
496,KIA K5,KIA,2016,14500,65000,LPG,Silver,2.0
497,KIA K5,KIA,2017,16500,50000,Petrol,White,1.6
498,KIA K5,KIA,2018,18500,35000,LPG,Gray,2.0
499,KIA K5,KIA,2019,20500,25000,Petrol,Black,1.6
500,KIA K5,KIA,2020,22500,15000,LPG,White,2.0
501,HONDA FIT,HONDA,2003,6900,298000,Petrol,Black,1.3
502,HONDA FIT,HONDA,2009,9800,252000,Petrol,Blue,1.3
503,HONDA FIT,HONDA,2002,4529,350000,Petrol,Red,1.3
504,HONDA FIT,HONDA,2003,4869,200000,Petrol,Blue,1.3
505,HONDA FIT,HONDA,2003,6568,350000,Petrol,Green,1.5
506,HONDA FIT,HONDA,2003,6794,320000,Petrol,Yellow,1.5
507,HONDA FIT,HONDA,2004,6000,550000,Petrol,White,1.5
508,HONDA FIT,HONDA,2003,6228,300000,Petrol,Black,1.3
509,HONDA FIT,HONDA,2002,5662,240000,Petrol,Gray,1.3
510,HONDA FIT,HONDA,2006,6228,340000,Petrol,Silver,1.5
511,HONDA FIT,HONDA,2003,5662,190000,Petrol,Blue,1.3
512,HONDA FIT,HONDA,2012,9000,134000,Petrol,White,1.5
513,HONDA FIT,HONDA,2008,6600,237000,Petrol,Red,1.3
514,HONDA FIT,HONDA,2013,8500,50000,Petrol,Black,1.5
515,HONDA FIT,HONDA,2003,7250,175000,Petrol,Green,1.3
516,HONDA FIT,HONDA,2004,7700,250000,Petrol,Gray,1.5
517,HONDA FIT,HONDA,2003,6500,200000,Petrol,Silver,1.3
518,HONDA FIT,HONDA,2004,5096,223894,Petrol,White,1.3
519,HONDA FIT,HONDA,2005,7021,280000,Petrol,Blue,1.5
520,HONDA FIT,HONDA,2001,5350,290000,Petrol,Yellow,1.3
521,HONDA FIT,HONDA,2004,5096,223874,Petrol,Black,1.3
522,HONDA FIT,HONDA,2005,7021,120000,Petrol,Red,1.3
523,HONDA FIT,HONDA,2001,5350,290000,Petrol,Green,1.3
524,HONDA FIT,HONDA,2008,7500,106550,Petrol,Blue,1.5
525,HONDA FIT,HONDA,2002,4900,175000,Petrol,White,1.3
526,HONDA FIT,HONDA,2004,9059,180000,Petrol,Gray,1.5
527,HONDA FIT,HONDA,2001,5662,320000,Petrol,Black,1.3
528,HONDA FIT,HONDA,2004,6558,220000,Petrol,Silver,1.3
529,HONDA FIT,HONDA,2003,4416,290000,Petrol,Red,1.3
530,HONDA FIT,HONDA,2003,7700,310000,Petrol,Blue,1.5
531,HONDA FIT,HONDA,2004,6900,262000,Petrol,White,1.3
532,HONDA FIT,HONDA,2002,4700,250000,Petrol,Green,1.3
533,HONDA FIT,HONDA,2003,7247,227000,Petrol,Yellow,1.3
534,HONDA FIT,HONDA,2009,7400,185000,Petrol,Black,1.5
535,HONDA FIT,HONDA,2004,6681,294896,Petrol,Silver,1.3
536,HONDA FIT,HONDA,2003,7250,175000,Petrol,Blue,1.3
537,HONDA FIT,HONDA,2007,8500,120000,Petrol,Red,1.5
538,HONDA FIT,HONDA,2004,7927,120000,Petrol,Green,1.5
539,HONDA FIT,HONDA,2011,9000,86600,Petrol,Black,1.5
540,HONDA FIT,HONDA,2002,4726,350000,Petrol,White,1.3
541,HONDA FIT,HONDA,2002,5332,290000,Petrol,Gray,1.3
542,HONDA FIT,HONDA,2003,6568,447972,Petrol,Yellow,1.5
543,HONDA FIT,HONDA,2002,4869,333622,Petrol,Blue,1.3
544,HONDA FIT,HONDA,2005,4400,280000,Petrol,Silver,1.5
545,HONDA FIT,HONDA,2003,7200,278000,Petrol,Black,1.3
546,HONDA FIT,HONDA,2008,7600,180000,Petrol,Red,1.5
547,HONDA FIT,HONDA,2004,7055,121000,Petrol,White,1.3
548,HONDA FIT,HONDA,2008,7060,180000,Petrol,Green,1.5
549,HONDA FIT,HONDA,2004,7055,121000,Petrol,Blue,1.3
550,HONDA FIT,HONDA,2003,5718,212000,Petrol,Silver,1.3
551,HONDA FIT,HONDA,2004,5662,223000,Petrol,Black,1.3
552,HONDA FIT,HONDA,2006,8338,46250,Petrol,Yellow,1.5
553,HONDA FIT,HONDA,2002,4077,334000,Petrol,Red,1.3
554,HONDA FIT,HONDA,2003,5888,299999,Petrol,Blue,1.3
555,HONDA FIT,HONDA,2016,6700,200001,Petrol,White,1.3
556,HONDA FIT,HONDA,2002,6200,100000,Petrol,Gray,1.3
557,HONDA FIT,HONDA,2004,5300,250000,Petrol,Black,1.3
558,HONDA FIT,HONDA,2002,6300,170000,Petrol,Silver,1.3
559,HONDA FIT,HONDA,2006,7000,222000,Petrol,Red,1.3
560,HONDA FIT,HONDA,2004,7813,280000,Petrol,Blue,1.5
561,HONDA FIT,HONDA,2010,10000,164000,Petrol,White,1.5
562,HONDA FIT,HONDA,2006,9000,127589,Petrol,Green,1.5
563,HONDA FIT,HONDA,2002,6200,350000,Petrol,Red,1.3
564,HONDA FIT,HONDA,2003,6300,200000,Petrol,Blue,1.3
565,HONDA FIT,HONDA,2003,8900,350000,Petrol,Green,1.5
566,HONDA FIT,HONDA,2003,9200,320000,Petrol,Yellow,1.5
567,HONDA FIT,HONDA,2004,8500,550000,Petrol,White,1.5
568,HONDA FIT,HONDA,2003,8800,300000,Petrol,Black,1.3
569,HONDA FIT,HONDA,2002,8700,240000,Petrol,Gray,1.3
570,HONDA FIT,HONDA,2006,8800,340000,Petrol,Silver,1.5
571,HONDA FIT,HONDA,2003,8700,190000,Petrol,Blue,1.3
572,HONDA FIT,HONDA,2003,9000,175000,Petrol,Green,1.3
573,HONDA FIT,HONDA,2004,11000,250000,Petrol,Gray,1.5
574,HONDA FIT,HONDA,2003,8700,200000,Petrol,Silver,1.3
575,HONDA FIT,HONDA,2004,7400,223894,Petrol,White,1.3
576,HONDA FIT,HONDA,2005,9500,280000,Petrol,Blue,1.5
577,HONDA FIT,HONDA,2004,7400,223874,Petrol,Black,1.3
578,HONDA FIT,HONDA,2005,9500,120000,Petrol,Red,1.3
579,HONDA FIT,HONDA,2001,8700,290000,Petrol,Green,1.3
580,HONDA FIT,HONDA,2004,8700,220000,Petrol,Silver,1.3
581,HONDA FIT,HONDA,2003,11000,310000,Petrol,Blue,1.5
582,HONDA FIT,HONDA,2004,9500,262000,Petrol,White,1.3
583,HONDA FIT,HONDA,2002,8500,350000,Petrol,White,1.3
584,HONDA FIT,HONDA,2002,8700,290000,Petrol,Gray,1.3
585,HONDA FIT,HONDA,2003,8800,447972,Petrol,Yellow,1.5
586,HONDA FIT,HONDA,2002,8500,333622,Petrol,Blue,1.3
587,HONDA FIT,HONDA,2005,7800,280000,Petrol,Silver,1.5
588,HONDA FIT,HONDA,2003,10000,278000,Petrol,Black,1.3
589,HONDA FIT,HONDA,2004,9400,121000,Petrol,White,1.3
590,HONDA FIT,HONDA,2008,9400,180000,Petrol,Green,1.5
591,HONDA FIT,HONDA,2004,9400,121000,Petrol,Blue,1.3
592,HONDA FIT,HONDA,2003,8000,212000,Petrol,Silver,1.3
593,HONDA FIT,HONDA,2004,8700,223000,Petrol,Black,1.3
594,HONDA FIT,HONDA,2006,12000,46250,Petrol,Yellow,1.5
595,HONDA FIT,HONDA,2002,6500,334000,Petrol,Red,1.3
596,HONDA FIT,HONDA,2003,7800,299999,Petrol,Blue,1.3
597,HONDA FIT,HONDA,2002,10500,100000,Petrol,Gray,1.3
598,HONDA FIT,HONDA,2004,7500,250000,Petrol,Black,1.3
599,HONDA FIT,HONDA,2002,11000,170000,Petrol,Silver,1.3
600,HONDA FIT,HONDA,2006,10000,222000,Petrol,Red,1.3
601,HONDA FIT,HONDA,2004,12000,280000,Petrol,Blue,1.5
602,HONDA FIT,HONDA,2003,6628,300000,Petrol,Black,1.3
603,HONDA FIT,HONDA,2006,6628,340000,Petrol,Silver,1.5
604,HONDA FIT,HONDA,2012,9000,134000,Petrol,White,1.5
605,HONDA FIT,HONDA,2013,8500,50000,Petrol,Black,1.5
606,HONDA FIT,HONDA,2004,8100,250000,Petrol,Gray,1.5
607,HONDA FIT,HONDA,2004,5496,223894,Petrol,White,1.3
608,HONDA FIT,HONDA,2005,7421,280000,Petrol,Blue,1.5
609,HONDA FIT,HONDA,2004,5496,223874,Petrol,Black,1.3
610,HONDA FIT,HONDA,2005,7421,120000,Petrol,Red,1.3
611,HONDA FIT,HONDA,2001,5750,290000,Petrol,Green,1.3
612,HONDA FIT,HONDA,2004,6958,220000,Petrol,Silver,1.3
613,HONDA FIT,HONDA,2003,8100,310000,Petrol,Blue,1.5
614,HONDA FIT,HONDA,2003,7647,227000,Petrol,Yellow,1.3
615,HONDA FIT,HONDA,2003,6968,447972,Petrol,Yellow,1.5
616,HONDA FIT,HONDA,2002,5269,333622,Petrol,Blue,1.3
617,HONDA FIT,HONDA,2005,4800,280000,Petrol,Silver,1.5
618,HONDA FIT,HONDA,2003,7600,278000,Petrol,Black,1.3
619,HONDA FIT,HONDA,2004,7455,121000,Petrol,White,1.3
620,HONDA FIT,HONDA,2008,7460,180000,Petrol,Green,1.5
621,HONDA FIT,HONDA,2004,7455,121000,Petrol,Blue,1.3
622,HONDA FIT,HONDA,2006,8738,46250,Petrol,Yellow,1.5
623,HONDA FIT,HONDA,2002,6600,100000,Petrol,Gray,1.3
624,HONDA FIT,HONDA,2002,8700,240000,Petrol,Gray,1.3
625,HONDA FIT,HONDA,2003,8700,190000,Petrol,Blue,1.3
626,HONDA FIT,HONDA,2003,9000,175000,Petrol,Green,1.3
627,HONDA FIT,HONDA,2004,11000,250000,Petrol,Gray,1.5
628,HONDA FIT,HONDA,2003,8700,200000,Petrol,Silver,1.3
629,HONDA FIT,HONDA,2005,9500,280000,Petrol,Blue,1.5
630,HONDA FIT,HONDA,2004,8700,220000,Petrol,Silver,1.3
631,HONDA FIT,HONDA,2004,9500,262000,Petrol,White,1.3
632,HONDA FIT,HONDA,2002,8700,290000,Petrol,Gray,1.3
633,HONDA FIT,HONDA,2003,8800,447972,Petrol,Yellow,1.5
634,HONDA FIT,HONDA,2002,8500,333622,Petrol,Blue,1.3
635,HONDA FIT,HONDA,2005,7800,280000,Petrol,Silver,1.5
636,HONDA FIT,HONDA,2003,10000,278000,Petrol,Black,1.3
637,HONDA FIT,HONDA,2004,9400,121000,Petrol,White,1.3
638,HONDA FIT,HONDA,2008,9400,180000,Petrol,Green,1.5
639,HONDA FIT,HONDA,2004,9400,121000,Petrol,Blue,1.3
640,HONDA FIT,HONDA,2003,8000,212000,Petrol,Silver,1.3
641,HONDA FIT,HONDA,2004,8700,223000,Petrol,Black,1.3
642,HONDA FIT,HONDA,2006,12000,146250,Petrol,Yellow,1.5
643,HONDA FIT,HONDA,2003,6650,165000,Petrol,Gray,1.5
644,HONDA FIT,HONDA,2004,6950,155000,Petrol,Blue,1.3
645,HONDA FIT,HONDA,2005,7250,145000,Petrol,Red,1.5
646,HONDA FIT,HONDA,2006,7550,135000,Petrol,Green,1.5
647,HONDA FIT,HONDA,2007,7850,125000,Petrol,Black,1.3
648,HONDA FIT,HONDA,2008,8150,115000,Petrol,White,1.3
649,HONDA FIT,HONDA,2003,6350,305000,Petrol,Red,1.3
650,HONDA FIT,HONDA,2004,6650,295000,Petrol,Green,1.5
651,HONDA FIT,HONDA,2005,6950,285000,Petrol,Blue,1.3
652,HONDA FIT,HONDA,2006,7250,275000,Petrol,Yellow,1.5
653,HONDA FIT,HONDA,2007,7550,265000,Petrol,Black,1.3
654,HONDA FIT,HONDA,2008,7850,255000,Petrol,White,1.3
655,HONDA FIT,HONDA,2002,6050,245000,Petrol,Silver,1.5
656,HONDA FIT,HONDA,2003,6350,235000,Petrol,Gray,1.3
657,HONDA FIT,HONDA,2004,6650,225000,Petrol,Blue,1.5
658,HONDA FIT,HONDA,2005,6950,215000,Petrol,Red,1.3
659,HONDA FIT,HONDA,2006,7250,205000,Petrol,Green,1.5
660,HONDA FIT,HONDA,2007,7550,195000,Petrol,Black,1.3
661,HONDA FIT,HONDA,2008,7850,185000,Petrol,White,1.3
662,HONDA FIT,HONDA,2002,6100,175000,Petrol,Silver,1.3
663,HONDA FIT,HONDA,2003,6400,165000,Petrol,Gray,1.5
664,HONDA FIT,HONDA,2004,6700,155000,Petrol,Blue,1.3
665,HONDA FIT,HONDA,2005,7000,145000,Petrol,Red,1.5
666,HONDA FIT,HONDA,2006,7300,135000,Petrol,Green,1.3
667,HONDA FIT,HONDA,2007,7600,125000,Petrol,Black,1.5
668,HONDA FIT,HONDA,2008,7900,115000,Petrol,White,1.3
669,HONDA FIT,HONDA,2002,6150,305000,Petrol,Silver,1.3
670,HONDA FIT,HONDA,2003,6450,295000,Petrol,Gray,1.3
671,HONDA FIT,HONDA,2004,6750,285000,Petrol,Blue,1.3
672,HONDA FIT,HONDA,2005,7050,275000,Petrol,Red,1.5
673,HONDA FIT,HONDA,2006,7350,265000,Petrol,Green,1.5
674,HONDA FIT,HONDA,2007,7650,255000,Petrol,Black,1.3
675,HONDA FIT,HONDA,2008,7950,245000,Petrol,White,1.3
676,HONDA FIT,HONDA,2002,6200,235000,Petrol,Silver,1.5
677,HONDA FIT,HONDA,2003,6500,225000,Petrol,Gray,1.3
678,HONDA FIT,HONDA,2004,6800,215000,Petrol,Blue,1.5
679,HONDA FIT,HONDA,2005,7100,205000,Petrol,Red,1.3
680,HONDA FIT,HONDA,2006,7400,195000,Petrol,Green,1.5
681,HONDA FIT,HONDA,2007,7700,185000,Petrol,Black,1.3
682,HONDA FIT,HONDA,2008,8000,175000,Petrol,White,1.3
683,HONDA FIT,HONDA,2002,6250,165000,Petrol,Silver,1.3
684,HONDA FIT,HONDA,2003,6550,155000,Petrol,Gray,1.5
685,HONDA FIT,HONDA,2004,6850,145000,Petrol,Blue,1.3
686,HONDA FIT,HONDA,2005,7150,135000,Petrol,Red,1.5
687,HONDA FIT,HONDA,2006,7450,125000,Petrol,Green,1.3
688,HONDA FIT,HONDA,2007,7750,115000,Petrol,Black,1.5
689,HONDA FIT,HONDA,2008,8050,105000,Petrol,White,1.3
690,HONDA FIT,HONDA,2002,6300,95000,Petrol,Silver,1.3
691,HONDA FIT,HONDA,2003,6600,85000,Petrol,Gray,1.5
692,HONDA FIT,HONDA,2004,6900,75000,Petrol,Blue,1.3
693,HONDA FIT,HONDA,2005,7200,65000,Petrol,Red,1.5
694,HONDA FIT,HONDA,2006,7500,55000,Petrol,Green,1.5
695,HONDA FIT,HONDA,2007,7800,45000,Petrol,Black,1.3
696,HONDA FIT,HONDA,2008,8100,35000,Petrol,White,1.3
697,HONDA FIT,HONDA,2002,6350,25000,Petrol,Silver,1.5
698,HONDA FIT,HONDA,2003,6650,15000,Petrol,Gray,1.3
699,HONDA FIT,HONDA,2004,6950,5000,Petrol,Blue,1.5
700,HONDA FIT,HONDA,2005,7250,2000,Petrol,Red,1.3
701,HONDA FIT,HONDA,2006,7550,500,Petrol,Green,1.5
702,HONDA FIT,HONDA,2007,7850,200,Petrol,Black,1.3
703,HONDA FIT,HONDA,2008,8150,100,Petrol,White,1.3
704,HONDA FIT,HONDA,2002,6400,50000,Petrol,Silver,1.5
705,HONDA FIT,HONDA,2003,6700,40000,Petrol,Gray,1.3
706,HONDA FIT,HONDA,2004,7000,30000,Petrol,Blue,1.5
707,HONDA FIT,HONDA,2005,7300,20000,Petrol,Red,1.3
708,HONDA FIT,HONDA,2006,7600,10000,Petrol,Green,1.5
709,HONDA FIT,HONDA,2007,7900,15000,Petrol,Black,1.3
710,HONDA FIT,HONDA,2008,8200,25000,Petrol,White,1.3
711,HONDA FIT,HONDA,2002,6450,35000,Petrol,Silver,1.3
712,HONDA FIT,HONDA,2003,6750,45000,Petrol,Gray,1.5
713,HONDA FIT,HONDA,2004,7050,55000,Petrol,Blue,1.3
714,HONDA FIT,HONDA,2005,7350,65000,Petrol,Red,1.5
715,HONDA FIT,HONDA,2006,7650,75000,Petrol,Green,1.3
716,HONDA FIT,HONDA,2007,7950,85000,Petrol,Black,1.5
717,HONDA FIT,HONDA,2008,8250,95000,Petrol,White,1.3
718,HONDA FIT,HONDA,2002,6500,105000,Petrol,Silver,1.3
719,HONDA FIT,HONDA,2003,6600,185000,Petrol,Blue,1.3
720,HONDA FIT,HONDA,2004,6900,175000,Petrol,Red,1.5
721,HONDA FIT,HONDA,2005,7200,165000,Petrol,Green,1.3
722,HONDA FIT,HONDA,2006,7500,155000,Petrol,Black,1.5
723,HONDA FIT,HONDA,2007,7800,145000,Petrol,White,1.3
724,HONDA FIT,HONDA,2008,8100,135000,Petrol,Silver,1.3
725,HONDA FIT,HONDA,2009,8400,125000,Petrol,Gray,1.5
726,HONDA FIT,HONDA,2010,8700,115000,Petrol,Blue,1.3
727,HONDA FIT,HONDA,2002,6400,205000,Petrol,Red,1.5
728,HONDA FIT,HONDA,2003,6700,195000,Petrol,Green,1.3
729,HONDA FIT,HONDA,2004,7000,185000,Petrol,Black,1.5
730,HONDA FIT,HONDA,2005,7300,175000,Petrol,White,1.3
731,HONDA FIT,HONDA,2006,7600,165000,Petrol,Silver,1.3
732,HONDA FIT,HONDA,2007,7900,155000,Petrol,Gray,1.5
733,HONDA FIT,HONDA,2008,8200,145000,Petrol,Blue,1.3
734,HONDA FIT,HONDA,2009,8500,135000,Petrol,Red,1.5
735,HONDA FIT,HONDA,2010,8800,125000,Petrol,Green,1.3
736,HONDA FIT,HONDA,2002,6500,215000,Petrol,Black,1.5
737,HONDA FIT,HONDA,2003,6800,225000,Petrol,White,1.3
738,HONDA FIT,HONDA,2004,7100,235000,Petrol,Silver,1.3
739,HONDA FIT,HONDA,2005,7400,245000,Petrol,Blue,1.3
740,HONDA FIT,HONDA,2006,7700,255000,Petrol,Red,1.5
741,HONDA FIT,HONDA,2007,8000,265000,Petrol,Green,1.3
742,HONDA FIT,HONDA,2008,8300,275000,Petrol,Black,1.5
743,HONDA FIT,HONDA,2009,8600,285000,Petrol,White,1.3
744,HONDA FIT,HONDA,2010,8900,295000,Petrol,Silver,1.3
745,HONDA FIT,HONDA,2002,6600,305000,Petrol,Gray,1.5
746,HONDA FIT,HONDA,2003,6900,315000,Petrol,Blue,1.3
747,HONDA FIT,HONDA,2004,7200,325000,Petrol,Red,1.5
748,HONDA FIT,HONDA,2005,7500,235000,Petrol,Green,1.3
749,HONDA FIT,HONDA,2006,7800,245000,Petrol,Black,1.5
750,HONDA FIT,HONDA,2007,8100,255000,Petrol,White,1.3
751,HONDA FIT,HONDA,2008,8400,265000,Petrol,Silver,1.3
752,HONDA FIT,HONDA,2009,8700,275000,Petrol,Gray,1.5
753,HONDA FIT,HONDA,2010,9000,285000,Petrol,Blue,1.3
754,HONDA FIT,HONDA,2002,6700,295000,Petrol,Red,1.5
755,HONDA FIT,HONDA,2003,7000,305000,Petrol,Green,1.3
756,HONDA FIT,HONDA,2004,7300,315000,Petrol,Black,1.5
757,HONDA FIT,HONDA,2005,7600,325000,Petrol,White,1.3
758,HONDA FIT,HONDA,2006,7900,235000,Petrol,Silver,1.3
759,HONDA FIT,HONDA,2007,8200,245000,Petrol,Gray,1.5
760,HONDA FIT,HONDA,2008,8500,255000,Petrol,Blue,1.3
761,HONDA FIT,HONDA,2009,8800,265000,Petrol,Red,1.5
762,HONDA FIT,HONDA,2010,9100,275000,Petrol,Green,1.3
763,HONDA FIT,HONDA,2002,6800,285000,Petrol,Black,1.5
764,HONDA FIT,HONDA,2003,7100,295000,Petrol,White,1.3
765,HONDA FIT,HONDA,2004,7400,305000,Petrol,Silver,1.3
766,HONDA FIT,HONDA,2005,7700,315000,Petrol,Gray,1.5
767,HONDA FIT,HONDA,2006,8000,325000,Petrol,Blue,1.3
768,HONDA FIT,HONDA,2007,8300,335000,Petrol,Red,1.5
769,HONDA FIT,HONDA,2008,8600,245000,Petrol,Green,1.3
770,HONDA FIT,HONDA,2009,8900,255000,Petrol,Black,1.5
771,HONDA FIT,HONDA,2010,9200,265000,Petrol,White,1.3
772,HONDA FIT,HONDA,2002,6900,275000,Petrol,Silver,1.3
773,HONDA FIT,HONDA,2003,7200,285000,Petrol,Gray,1.5
774,HONDA FIT,HONDA,2004,7500,295000,Petrol,Blue,1.3
775,HONDA FIT,HONDA,2005,7800,305000,Petrol,Red,1.5
776,HONDA FIT,HONDA,2006,8100,315000,Petrol,Green,1.3
777,HONDA FIT,HONDA,2007,8400,325000,Petrol,Black,1.5
778,HONDA FIT,HONDA,2008,8700,335000,Petrol,White,1.3
779,HONDA FIT,HONDA,2009,9000,245000,Petrol,Silver,1.3
780,HONDA FIT,HONDA,2010,9300,255000,Petrol,Gray,1.5
781,HONDA FIT,HONDA,2002,7000,265000,Petrol,Blue,1.3
782,HONDA FIT,HONDA,2003,7300,275000,Petrol,Red,1.5
783,HONDA FIT,HONDA,2004,7600,285000,Petrol,Green,1.3
784,HONDA FIT,HONDA,2005,7900,295000,Petrol,Black,1.5
785,HONDA FIT,HONDA,2006,8200,305000,Petrol,White,1.3
786,HONDA FIT,HONDA,2007,8500,315000,Petrol,Silver,1.3
787,HONDA FIT,HONDA,2008,8800,325000,Petrol,Gray,1.5
788,HONDA FIT,HONDA,2009,9100,335000,Petrol,Blue,1.3
789,HONDA FIT,HONDA,2010,9400,245000,Petrol,Red,1.5
790,HONDA FIT,HONDA,2002,7100,255000,Petrol,Green,1.3
791,HONDA FIT,HONDA,2003,7400,265000,Petrol,Black,1.5
792,HONDA FIT,HONDA,2004,7700,275000,Petrol,White,1.3
793,HONDA FIT,HONDA,2005,8000,285000,Petrol,Silver,1.3
794,HONDA FIT,HONDA,2006,8300,295000,Petrol,Gray,1.5
795,HONDA FIT,HONDA,2007,8600,305000,Petrol,Blue,1.3
796,HONDA FIT,HONDA,2008,8900,315000,Petrol,Red,1.5
797,HONDA FIT,HONDA,2009,9200,325000,Petrol,Green,1.3
798,HONDA FIT,HONDA,2010,9500,335000,Petrol,Black,1.5
799,HONDA FIT,HONDA,2008,9950,180000,Petrol,Gray,1.5
800,HONDA FIT,HONDA,2009,9975,190000,Petrol,Blue,1.3
801,HONDA FIT,HONDA,2010,9925,200000,Petrol,Red,1.5
802,HONDA FIT,HONDA,2011,9950,210000,Petrol,Green,1.3
803,HONDA FIT,HONDA,2012,9900,220000,Petrol,Black,1.5
804,HONDA FIT,HONDA,2013,9950,230000,Petrol,White,1.3
805,HONDA FIT,HONDA,2008,9975,240000,Petrol,Silver,1.3
806,HONDA FIT,HONDA,2009,9925,250000,Petrol,Gray,1.5
807,HONDA FIT,HONDA,2008,9900,175000,Petrol,White,1.3
808,HONDA FIT,HONDA,2009,9800,185000,Petrol,Silver,1.5
809,HONDA FIT,HONDA,2010,9850,195000,Petrol,Gray,1.3
810,HONDA FIT,HONDA,2011,9850,205000,Petrol,Blue,1.5
811,HONDA FIT,HONDA,2012,9900,215000,Petrol,Red,1.3
812,HONDA FIT,HONDA,2013,9850,225000,Petrol,Green,1.5
813,HONDA FIT,HONDA,2008,9900,175000,Petrol,Black,1.3
814,HONDA FIT,HONDA,2009,9800,185000,Petrol,White,1.5
815,HONDA FIT,HONDA,2010,9850,195000,Petrol,Silver,1.3
816,HONDA FIT,HONDA,2011,9850,205000,Petrol,Gray,1.3
817,HONDA FIT,HONDA,2012,9900,215000,Petrol,Blue,1.5
818,HONDA FIT,HONDA,2013,9850,225000,Petrol,Red,1.3
819,HONDA FIT,HONDA,2008,9900,175000,Petrol,Green,1.5
820,HONDA FIT,HONDA,2009,9800,185000,Petrol,Black,1.3
821,HONDA FIT,HONDA,2010,9850,195000,Petrol,White,1.5
822,HONDA FIT,HONDA,2011,9850,205000,Petrol,Silver,1.3
823,HONDA FIT,HONDA,2012,9900,215000,Petrol,Gray,1.5
824,HONDA FIT,HONDA,2013,9850,225000,Petrol,Blue,1.3
825,HONDA FIT,HONDA,2008,9900,175000,Petrol,Red,1.5
826,HONDA FIT,HONDA,2009,9800,185000,Petrol,Green,1.3
827,HONDA FIT,HONDA,2010,9850,195000,Petrol,Black,1.5
828,HONDA FIT,HONDA,2011,9850,205000,Petrol,White,1.3
829,HONDA FIT,HONDA,2012,9900,215000,Petrol,Silver,1.3
830,HONDA FIT,HONDA,2013,9850,225000,Petrol,Gray,1.5
831,HONDA FIT,HONDA,2008,9900,175000,Petrol,Blue,1.3
832,HONDA FIT,HONDA,2009,9800,185000,Petrol,Red,1.5
833,HONDA FIT,HONDA,2010,9850,195000,Petrol,Green,1.3
834,HONDA FIT,HONDA,2011,9850,205000,Petrol,Black,1.5
835,HONDA FIT,HONDA,2012,9900,215000,Petrol,White,1.3
836,HONDA FIT,HONDA,2013,9850,225000,Petrol,Silver,1.3
837,HONDA FIT,HONDA,2009,9975,170000,Petrol,Red,1.5
838,HONDA FIT,HONDA,2010,10300,180000,Petrol,Green,1.3
839,HONDA FIT,HONDA,2011,10250,190000,Petrol,Black,1.5
840,HONDA FIT,HONDA,2012,10180,200000,Petrol,White,1.3
841,HONDA FIT,HONDA,2013,10090,210000,Petrol,Silver,1.3
842,HONDA FIT,HONDA,2008,10050,220000,Petrol,Gray,1.5
843,HONDA FIT,HONDA,2009,10230,230000,Petrol,Blue,1.3
844,HONDA FIT,HONDA,2010,10170,240000,Petrol,Red,1.5
845,HONDA FIT,HONDA,2011,10040,250000,Petrol,Green,1.3
846,HONDA FIT,HONDA,2012,10400,260000,Petrol,Black,1.5
847,HONDA FIT,HONDA,2013,10350,270000,Petrol,White,1.3
848,HONDA FIT,HONDA,2008,9950,280000,Petrol,Silver,1.3
849,HONDA FIT,HONDA,2009,10120,290000,Petrol,Gray,1.5
850,HONDA FIT,HONDA,2010,9980,279000,Petrol,Blue,1.3
851,HONDA FIT,HONDA,2011,10075,210000,Petrol,Red,1.5
852,HONDA FIT,HONDA,2012,10260,220000,Petrol,Green,1.3
853,HONDA FIT,HONDA,2013,10420,230000,Petrol,Black,1.5
854,HONDA FIT,HONDA,2008,9990,250000,Petrol,White,1.3
855,HONDA FIT,HONDA,2009,10200,210000,Petrol,Silver,1.3
856,HONDA FIT,HONDA,2010,10030,240000,Petrol,Gray,1.5
857,HONDA FIT,HONDA,2011,10350,270000,Petrol,Blue,1.3
858,HONDA FIT,HONDA,2012,10500,198000,Petrol,Red,1.5
859,HONDA FIT,HONDA,2013,10480,260000,Petrol,Green,1.3
860,HONDA FIT,HONDA,2008,10010,250000,Petrol,Black,1.5
861,HONDA FIT,HONDA,2009,9500,210000,Petrol,Silver,1.3
862,HONDA FIT,HONDA,2010,9800,180000,Petroll,Black,1.5
863,HONDA FIT,HONDA,2008,9200,220000,Petrol,Blue,1.3
864,HONDA FIT,HONDA,2011,10500,160000,Petrol,Red,1.5
865,HONDA FIT,HONDA,2009,9300,230000,Petrol,White,1.3
866,HONDA FIT,HONDA,2010,9600,170000,Petrol,Silver,1.3
867,HONDA FIT,HONDA,2008,9000,240000,Petrol,Gray,1.5
868,HONDA FIT,HONDA,2012,10200,150000,Petrol,Black,1.3
869,HONDA FIT,HONDA,2009,9400,250000,Petrol,Blue,1.5
870,HONDA FIT,HONDA,2010,9700,160000,Petrol,Red,1.3
871,HONDA FIT,HONDA,2008,9100,260000,Petrol,Green,1.5
872,HONDA FIT,HONDA,2011,10600,170000,Petrol,White,1.3
873,HONDA FIT,HONDA,2009,9500,270000,Petrol,Silver,1.3
874,HONDA FIT,HONDA,2010,9800,180000,Petrol,Black,1.5
875,HONDA FIT,HONDA,2008,9200,280000,Petrol,Blue,1.3
876,HONDA FIT,HONDA,2011,10500,190000,Petrol,Red,1.5
877,HONDA FIT,HONDA,2009,9300,290000,Petrol,White,1.3
878,HONDA FIT,HONDA,2010,9600,200000,Petrol,Silver,1.3
879,HONDA FIT,HONDA,2008,9000,300000,Petrol,Gray,1.5
880,HONDA FIT,HONDA,2012,10200,210000,Petrol,Black,1.3
881,HONDA FIT,HONDA,2009,9400,310000,Petrol,Blue,1.5
882,HONDA FIT,HONDA,2010,9700,220000,Petrol,Red,1.3
883,HONDA FIT,HONDA,2008,9100,320000,Petrol,Green,1.5
884,HONDA FIT,HONDA,2011,10600,230000,Petrol,White,1.3
885,HONDA FIT,HONDA,2009,9500,330000,Petrol,Silver,1.3
886,HONDA FIT,HONDA,2010,9800,240000,Petrol,Black,1.5
887,HONDA FIT,HONDA,2008,9200,340000,Petrol,Blue,1.3
888,HONDA FIT,HONDA,2011,10500,250000,Petrol,Red,1.5
889,HONDA FIT,HONDA,2009,9300,350000,Petrol,White,1.3
890,HONDA FIT,HONDA,2010,9600,260000,Petrol,Silver,1.3
891,HONDA FIT,HONDA,2008,9000,360000,Petrol,Gray,1.5
892,HONDA FIT,HONDA,2012,10200,270000,Petrol,White,1.5
893,HONDA FIT,HONDA,2005,7500,200000,Petrol,Blue,1.5
894,HONDA FIT,HONDA,2007,8300,180000,Petrol,Red,1.3
895,HONDA FIT,HONDA,2004,5800,220000,Petrol,Green,1.5
896,HONDA FIT,HONDA,2006,6700,210000,Petrol,Black,1.3
897,HONDA FIT,HONDA,2003,5500,230000,Petrol,White,1.3
898,HONDA FIT,HONDA,2002,5200,240000,Petrol,Silver,1.5
899,HONDA FIT,HONDA,2007,6900,190000,Petrol,Gray,1.3
900,HONDA FIT,HONDA,2004,6000,210000,Petrol,Blue,1.5
901,HONDA FIT,HONDA,2006,6800,200000,Petrol,Red,1.3
902,HONDA FIT,HONDA,2005,7600,180000,Petrol,Green,1.5
903,HONDA FIT,HONDA,2008,8500,220000,Petrol,Black,1.3
904,HONDA FIT,HONDA,2003,5700,230000,Petrol,White,1.3
905,HONDA FIT,HONDA,2002,5400,240000,Petrol,Silver,1.5
906,HONDA FIT,HONDA,2007,7000,190000,Petrol,Gray,1.3
907,HONDA FIT,HONDA,2004,6200,210000,Petrol,Blue,1.5
908,HONDA FIT,HONDA,2006,6900,200000,Petrol,Red,1.5
909,HONDA FIT,HONDA,2005,7700,180000,Petrol,Green,1.3
910,HONDA FIT,HONDA,2008,8600,220000,Petrol,Black,1.3
911,HONDA FIT,HONDA,2003,5900,230000,Petrol,White,1.3
912,HONDA FIT,HONDA,2002,5600,240000,Petrol,Silver,1.3
913,HONDA FIT,HONDA,2007,7200,190000,Petrol,Gray,1.5
914,HONDA FIT,HONDA,2004,6400,210000,Petrol,Blue,1.3
915,HONDA FIT,HONDA,2006,7100,200000,Petrol,Red,1.5
916,HONDA FIT,HONDA,2005,7800,180000,Petrol,Green,1.3
917,HONDA FIT,HONDA,2008,8700,220000,Petrol,Black,1.3
918,HONDA FIT,HONDA,2003,6000,230000,Petrol,White,1.3
919,HONDA FIT,HONDA,2002,5700,240000,Petrol,Silver,1.5
920,HONDA FIT,HONDA,2007,7300,190000,Petrol,Gray,1.3
921,HONDA FIT,HONDA,2004,6500,210000,Petrol,Blue,1.5
922,HONDA FIT,HONDA,2006,7200,200000,Petrol,Red,1.3
923,HONDA FIT,HONDA,2005,7900,180000,Petrol,Green,1.5
924,HONDA FIT,HONDA,2008,8800,220000,Petrol,Black,1.3
925,HONDA FIT,HONDA,2003,6100,230000,Petrol,White,1.3
926,HONDA FIT,HONDA,2002,5800,240000,Petrol,Silver,1.3
927,HONDA FIT,HONDA,2007,7400,190000,Petrol,Gray,1.5
928,HONDA FIT,HONDA,2004,6700,210000,Petrol,Blue,1.5
929,HONDA FIT,HONDA,2006,7300,200000,Petroll,Red,1.3
930,HONDA FIT,HONDA,2005,8000,180000,Petrol,Green,1.5
930,HONDA FIT,HONDA,2002,5800,240000,Petrol,Silver,1.3
931,HONDA FIT,HONDA,2007,7400,190000,Petrol,Gray,1.5
932,HONDA FIT,HONDA,2004,6600,210000,Petrol,Blue,1.5
933,HONDA FIT,HONDA,2006,7300,200000,Petrol,Red,1.3
934,HONDA FIT,HONDA,2005,8000,180000,Petrol,Green,1.5
935,HONDA FIT,HONDA,2008,8900,220000,Petrol,Black,1.3
936,HONDA FIT,HONDA,2003,6200,230000,Petrol,White,1.3
937,HONDA FIT,HONDA,2002,5900,240000,Petrol,Silver,1.5
938,HONDA FIT,HONDA,2007,7500,190000,Petrol,Gray,1.3
939,HONDA FIT,HONDA,2004,6700,210000,Petrol,Blue,1.5
940,HONDA FIT,HONDA,2006,7400,200000,Petrol,Red,1.3
941,HONDA FIT,HONDA,2005,8100,180000,Petrol,Green,1.5
942,HONDA FIT,HONDA,2008,9000,220000,Petrol,Black,1.3
943,HONDA FIT,HONDA,2003,6300,230000,Petrol,White,1.3
944,HONDA FIT,HONDA,2002,6000,240000,Petrol,Silver,1.5
945,HONDA FIT,HONDA,2007,7600,190000,Petrol,Gray,1.5
946,HONDA FIT,HONDA,2004,6800,210000,Petrol,Blue,1.5
947,HONDA FIT,HONDA,2006,7500,200000,Petrol,Red,1.3
948,HONDA FIT,HONDA,2005,8200,180000,Petrol,Green,1.5
949,HONDA FIT,HONDA,2008,9100,220000,Petrol,Black,1.3
950,HONDA FIT,HONDA,2003,6400,230000,Petrol,White,1.3
951,HONDA FIT,HONDA,2002,6100,240000,Petrol,Silver,1.5
952,HONDA FIT,HONDA,2007,7700,190000,Petrol,Gray,1.3
953,HONDA FIT,HONDA,2004,6900,210000,Petrol,Blue,1.5
954,HONDA FIT,HONDA,2006,7600,200000,Petrol,Red,1.3
955,HONDA FIT,HONDA,2005,8300,180000,Petrol,Green,1.5
956,HONDA FIT,HONDA,2008,9200,220000,Petrol,Black,1.3
957,HONDA FIT,HONDA,2003,6500,230000,Petrol,White,1.3
958,HONDA FIT,HONDA,2002,6200,240000,Petrol,Silver,1.5
959,HONDA FIT,HONDA,2007,7800,190000,Petrol,Gray,1.3
960,HONDA FIT,HONDA,2004,7000,210000,Petrol,Blue,1.5
961,HONDA FIT,HONDA,2006,7700,200000,Petrol,Red,1.3
962,HONDA FIT,HONDA,2019,12500,60000,Petrol,White,1.3
963,HONDA FIT,HONDA,2017,12000,50000,Petrol,Black,1.5
964,HONDA FIT,HONDA,2018,12200,40000,Petrol,Gray,1.3
965,HONDA FIT,HONDA,2016,11800,70000,Petrol,Blue,1.5
966,HONDA FIT,HONDA,2020,12800,80000,Petrol,Red,1.3
967,HONDA FIT,HONDA,2019,12550,60000,Petrol,White,1.3
968,HONDA FIT,HONDA,2017,12050,50000,Petrol,Black,1.5
969,HONDA FIT,HONDA,2018,12250,40000,Petrol,Gray,1.3
970,HONDA FIT,HONDA,2016,11850,70000,Petrol,Blue,1.5
971,HONDA FIT,HONDA,2020,12850,80000,Petrol,Red,1.3
972,HONDA FIT,HONDA,2019,12600,60000,Petrol,White,1.3
973,HONDA FIT,HONDA,2017,12100,50000,Petrol,Black,1.5
974,HONDA FIT,HONDA,2018,12300,40000,Petrol,Gray,1.3
975,HONDA FIT,HONDA,2016,11900,70000,Petrol,Blue,1.5
976,HONDA FIT,HONDA,2020,12900,80000,Petrol,Red,1.3
977,HONDA FIT,HONDA,2019,12650,60000,Petrol,White,1.3
978,HONDA FIT,HONDA,2017,12150,50000,Petrol,Black,1.5
979,HONDA FIT,HONDA,2018,12350,40000,Petrol,Gray,1.3
980,HONDA FIT,HONDA,2016,11950,70000,Petrol,Blue,1.5
981,HONDA FIT,HONDA,2020,12950,30000,Petrol,Red,1.3
982,HONDA FIT,HONDA,2020,14000,60000,Petrol,White,1.3
983,HONDA FIT,HONDA,2021,14540,50000,Petrol,Black,1.5
984,HONDA FIT,HONDA,2022,14560,40000,Petrol,Gray,1.3
985,HONDA FIT,HONDA,2023,14080,350000,Petrol,Blue,1.5
986,HONDA FIT,HONDA,2020,14100,80000,Petrol,Red,1.3
987,HONDA FIT,HONDA,2021,14120,60000,Petrol,White,1.3
988,HONDA FIT,HONDA,2022,14140,50000,Petrol,Black,1.5
989,HONDA FIT,HONDA,2023,15060,40000,Petrol,Gray,1.3
990,HONDA FIT,HONDA,2020,15000,70000,Petrol,Blue,1.5
991,HONDA FIT,HONDA,2021,15200,80000,Petrol,Red,1.3
992,HONDA FIT,HONDA,2022,14170,16500,Petrol,Silver,1.3
993,HONDA FIT,HONDA,2021,14230,15500,Petrol,Gray,1.5
994,HONDA FIT,HONDA,2020,14320,94500,Petrol,Blue,1.3
995,HONDA FIT,HONDA,2021,14190,35000,Petrol,Red,1.5
996,HONDA FIT,HONDA,2022,14280,30000,Petrol,Green,1.3
997,HONDA FIT,HONDA,2020,14360,70000,Petrol,Black,1.3
998,HONDA FIT,HONDA,2021,14250,18000,Petrol,White,1.5
999,HONDA FIT,HONDA,2020,14200,75000,Petrol,Gray,1.3
1000,HONDA FIT,HONDA,2020,14310,60000,Petrol,Blue,1.5
1001,TOYOTA CAMRY 70,TOYOTA,2019,20500,188000,Petrol,Black,2.5
1002,TOYOTA CAMRY 70,TOYOTA,2021,26500,86000,Hybrid,Black,2.5
1003,TOYOTA CAMRY 70,TOYOTA,2023,30600,60400,Hybrid,White,2.5
1004,TOYOTA CAMRY 70,TOYOTA,2018,18500,110000,Petrol,Silver,2.5
1005,TOYOTA CAMRY 70,TOYOTA,2020,24500,75000,Hybrid,White,2.5
1006,TOYOTA CAMRY 70,TOYOTA,2017,17500,135000,Petrol,Blue,2.5
1007,TOYOTA CAMRY 70,TOYOTA,2022,29500,45000,Hybrid,Black,2.5
1008,TOYOTA CAMRY 70,TOYOTA,2019,21500,97000,Petrol,White,2.5
1009,TOYOTA CAMRY 70,TOYOTA,2018,19500,125000,Petrol,Silver,2.5
1010,TOYOTA CAMRY 70,TOYOTA,2021,27500,64000,Hybrid,Blue,2.5
1011,TOYOTA CAMRY 70,TOYOTA,2020,25500,82000,Hybrid,Black,2.5
1012,TOYOTA CAMRY 70,TOYOTA,2023,31500,38000,Hybrid,White,2.5
1013,TOYOTA CAMRY 70,TOYOTA,2017,18500,145000,Petrol,Silver,2.5
1014,TOYOTA CAMRY 70,TOYOTA,2019,22500,90000,Petrol,Blue,2.5
1015,TOYOTA CAMRY 70,TOYOTA,2022,30500,47000,Hybrid,Black,2.5
1016,TOYOTA CAMRY 70,TOYOTA,2021,28500,55000,Hybrid,White,2.5
1017,TOYOTA CAMRY 70,TOYOTA,2018,19500,130000,Petrol,Silver,2.5
1018,TOYOTA CAMRY 70,TOYOTA,2020,26500,78000,Hybrid,Black,2.5
1019,TOYOTA CAMRY 70,TOYOTA,2019,23500,86000,Petrol,Blue,2.5
1020,TOYOTA CAMRY 70,TOYOTA,2023,32500,32000,Hybrid,White,2.5
1021,TOYOTA CAMRY 70,TOYOTA,2017,19500,140000,Petrol,Black,2.5
1022,TOYOTA CAMRY 70,TOYOTA,2022,31500,46000,Hybrid,Silver,2.5
1023,TOYOTA CAMRY 70,TOYOTA,2019,24500,92000,Petrol,Blue,2.5
1024,TOYOTA CAMRY 70,TOYOTA,2020,27500,67000,Hybrid,Black,2.5
1025,TOYOTA CAMRY 70,TOYOTA,2018,20500,128000,Petrol,Silver,2.5
1026,TOYOTA CAMRY 70,TOYOTA,2021,29500,59000,Hybrid,White,2.5
1027,TOYOTA CAMRY 70,TOYOTA,2023,33500,30000,Hybrid,Black,2.5
1028,TOYOTA CAMRY 70,TOYOTA,2017,20500,138000,Petrol,Blue,2.5
1029,TOYOTA CAMRY 70,TOYOTA,2019,25500,89000,Petrol,White,2.5
1030,TOYOTA CAMRY 70,TOYOTA,2022,32500,45000,Hybrid,Silver,2.5
1031,TOYOTA CAMRY 70,TOYOTA,2018,21500,123000,Petrol,Black,2.5
1032,TOYOTA CAMRY 70,TOYOTA,2020,28500,72000,Hybrid,White,2.5
1033,TOYOTA CAMRY 70,TOYOTA,2019,26500,85000,Petrol,Blue,2.5
1034,TOYOTA CAMRY 70,TOYOTA,2023,34500,29000,Hybrid,Silver,2.5
1035,TOYOTA CAMRY 70,TOYOTA,2021,30500,58000,Hybrid,Black,2.5
1036,TOYOTA CAMRY 70,TOYOTA,2017,21500,137000,Petrol,White,2.5
1037,TOYOTA CAMRY 70,TOYOTA,2022,33500,44000,Hybrid,Silver,2.5
1038,TOYOTA CAMRY 70,TOYOTA,2018,22500,120000,Petrol,Black,2.5
1039,TOYOTA CAMRY 70,TOYOTA,2020,29500,71000,Hybrid,Blue,2.5
1040,TOYOTA CAMRY 70,TOYOTA,2019,27500,83000,Petrol,White,2.5
1041,TOYOTA CAMRY 70,TOYOTA,2023,35500,28000,Hybrid,Black,2.5
1042,TOYOTA CAMRY 70,TOYOTA,2017,22500,136000,Petrol,Silver,2.5
1043,TOYOTA CAMRY 70,TOYOTA,2021,31500,57000,Hybrid,White,2.5
1044,TOYOTA CAMRY 70,TOYOTA,2022,34500,43000,Hybrid,Black,2.5
1045,TOYOTA CAMRY 70,TOYOTA,2018,23500,118000,Petrol,Blue,2.5
1046,TOYOTA CAMRY 70,TOYOTA,2019,28500,81000,Petrol,Silver,2.5
1047,TOYOTA CAMRY 70,TOYOTA,2020,30500,70000,Hybrid,White,2.5
1048,TOYOTA CAMRY 70,TOYOTA,2023,36500,27000,Hybrid,Black,2.5
1049,TOYOTA CAMRY 70,TOYOTA,2017,23500,135000,Petrol,Blue,2.5
1050,TOYOTA CAMRY 70,TOYOTA,2021,32500,56000,Hybrid,Silver,2.5
1051,TOYOTA CAMRY 70,TOYOTA,2018,18500,125000,Petrol,Black,2.5
1052,TOYOTA CAMRY 70,TOYOTA,2020,24500,85000,Hybrid,White,2.5
1053,TOYOTA CAMRY 70,TOYOTA,2019,19500,94000,Petrol,Silver,3.5
1054,TOYOTA CAMRY 70,TOYOTA,2023,28500,41000,Hybrid,Black,2.5
1055,TOYOTA CAMRY 70,TOYOTA,2017,15500,140000,Petrol,Blue,3.5
1056,TOYOTA CAMRY 70,TOYOTA,2021,26500,62000,Hybrid,White,2.5
1057,TOYOTA CAMRY 70,TOYOTA,2018,17500,115000,Petrol,Silver,2.5
1058,TOYOTA CAMRY 70,TOYOTA,2020,25500,73000,Hybrid,Black,2.5
1059,TOYOTA CAMRY 70,TOYOTA,2019,20500,91000,Petrol,White,3.5
1060,TOYOTA CAMRY 70,TOYOTA,2022,26500,49000,Hybrid,Blue,2.5
1061,TOYOTA CAMRY 70,TOYOTA,2017,16500,135000,Petrol,Black,3.5
1062,TOYOTA CAMRY 70,TOYOTA,2023,29500,39000,Hybrid,White,2.5
1063,TOYOTA CAMRY 70,TOYOTA,2018,18500,120000,Petrol,Silver,2.5
1064,TOYOTA CAMRY 70,TOYOTA,2021,27500,60000,Hybrid,Black,2.5
1065,TOYOTA CAMRY 70,TOYOTA,2019,21500,87000,Petrol,Blue,3.5
1066,TOYOTA CAMRY 70,TOYOTA,2022,27500,47000,Hybrid,White,2.5
1067,TOYOTA CAMRY 70,TOYOTA,2017,17500,130000,Petrol,Silver,2.5
1068,TOYOTA CAMRY 70,TOYOTA,2023,30500,37000,Hybrid,Black,2.5
1069,TOYOTA CAMRY 70,TOYOTA,2018,19500,110000,Petrol,White,3.5
1070,TOYOTA CAMRY 70,TOYOTA,2020,26500,80000,Hybrid,Silver,2.5
1071,TOYOTA CAMRY 70,TOYOTA,2019,22500,89000,Petrol,Blue,2.5
1072,TOYOTA CAMRY 70,TOYOTA,2021,28500,58000,Hybrid,Black,2.5
1073,TOYOTA CAMRY 70,TOYOTA,2017,18500,125000,Petrol,White,3.5
1074,TOYOTA CAMRY 70,TOYOTA,2022,28500,45000,Hybrid,Silver,2.5
1075,TOYOTA CAMRY 70,TOYOTA,2018,20500,105000,Petrol,Black,2.5
1076,TOYOTA CAMRY 70,TOYOTA,2023,31500,35000,Hybrid,White,2.5
1077,TOYOTA CAMRY 70,TOYOTA,2019,23500,85000,Petrol,Silver,3.5
1078,TOYOTA CAMRY 70,TOYOTA,2020,27500,75000,Hybrid,Black,2.5
1079,TOYOTA CAMRY 70,TOYOTA,2017,19500,120000,Petrol,Blue,2.5
1080,TOYOTA CAMRY 70,TOYOTA,2021,29500,56000,Hybrid,White,2.5
1081,TOYOTA CAMRY 70,TOYOTA,2018,21500,100000,Petrol,Silver,3.5
1082,TOYOTA CAMRY 70,TOYOTA,2022,29500,43000,Hybrid,Black,2.5
1083,TOYOTA CAMRY 70,TOYOTA,2019,24500,82000,Petrol,White,2.5
1084,TOYOTA CAMRY 70,TOYOTA,2023,32500,33000,Hybrid,Silver,2.5
1085,TOYOTA CAMRY 70,TOYOTA,2017,20500,115000,Petrol,Black,3.5
1086,TOYOTA CAMRY 70,TOYOTA,2020,28500,70000,Hybrid,White,2.5
1087,TOYOTA CAMRY 70,TOYOTA,2018,22500,95000,Petrol,Silver,2.5
1088,TOYOTA CAMRY 70,TOYOTA,2021,30500,54000,Hybrid,Black,2.5
1089,TOYOTA CAMRY 70,TOYOTA,2019,25500,79000,Petrol,Blue,3.5
1090,TOYOTA CAMRY 70,TOYOTA,2022,30500,41000,Hybrid,White,2.5
1091,TOYOTA CAMRY 70,TOYOTA,2017,21500,110000,Petrol,Silver,2.5
1092,TOYOTA CAMRY 70,TOYOTA,2023,33500,31000,Hybrid,Black,2.5
1093,TOYOTA CAMRY 70,TOYOTA,2018,23500,90000,Petrol,White,3.5
1094,TOYOTA CAMRY 70,TOYOTA,2020,29500,65000,Hybrid,Silver,2.5
1095,TOYOTA CAMRY 70,TOYOTA,2017,22500,105000,Petrol,Black,2.5
1096,TOYOTA CAMRY 70,TOYOTA,2021,31500,52000,Hybrid,White,2.5
1097,TOYOTA CAMRY 70,TOYOTA,2018,24500,85000,Petrol,Silver,3.5
1098,TOYOTA CAMRY 70,TOYOTA,2022,31500,39000,Hybrid,Black,2.5
1099,TOYOTA CAMRY 70,TOYOTA,2019,26500,76000,Petrol,White,2.5
1100,TOYOTA CAMRY 70,TOYOTA,2023,34500,29000,Hybrid,Silver,2.5
1101,TOYOTA CAMRY 70,TOYOTA,2018,19500,130000,Petrol,Black,2.5
1102,TOYOTA CAMRY 70,TOYOTA,2020,26500,90000,Hybrid,White,2.5
1103,TOYOTA CAMRY 70,TOYOTA,2019,20500,95000,Petrol,Silver,3.5
1104,TOYOTA CAMRY 70,TOYOTA,2023,28500,43000,Hybrid,Black,2.5
1105,TOYOTA CAMRY 70,TOYOTA,2017,16500,145000,Petrol,Blue,3.5
1106,TOYOTA CAMRY 70,TOYOTA,2021,27500,65000,Hybrid,White,2.5
1107,TOYOTA CAMRY 70,TOYOTA,2018,18500,125000,Petrol,Silver,2.5
1108,TOYOTA CAMRY 70,TOYOTA,2020,27500,80000,Hybrid,Black,2.5
1109,TOYOTA CAMRY 70,TOYOTA,2019,21500,100000,Petrol,White,3.5
1110,TOYOTA CAMRY 70,TOYOTA,2022,27500,53000,Hybrid,Blue,2.5
1111,TOYOTA CAMRY 70,TOYOTA,2017,17500,140000,Petrol,Black,3.5
1112,TOYOTA CAMRY 70,TOYOTA,2023,29500,41000,Hybrid,White,2.5
1113,TOYOTA CAMRY 70,TOYOTA,2018,19500,125000,Petrol,Silver,2.5
1114,TOYOTA CAMRY 70,TOYOTA,2021,28500,62000,Hybrid,Black,2.5
1115,TOYOTA CAMRY 70,TOYOTA,2019,22500,90000,Petrol,Blue,3.5
1116,TOYOTA CAMRY 70,TOYOTA,2022,28500,50000,Hybrid,White,2.5
1117,TOYOTA CAMRY 70,TOYOTA,2017,18500,135000,Petrol,Silver,2.5
1118,TOYOTA CAMRY 70,TOYOTA,2023,30500,38000,Hybrid,Black,2.5
1119,TOYOTA CAMRY 70,TOYOTA,2018,20500,115000,Petrol,White,3.5
1120,TOYOTA CAMRY 70,TOYOTA,2020,28500,85000,Hybrid,Silver,2.5
1121,TOYOTA CAMRY 70,TOYOTA,2019,23500,95000,Petrol,Blue,2.5
1122,TOYOTA CAMRY 70,TOYOTA,2021,29500,60000,Hybrid,Black,2.5
1123,TOYOTA CAMRY 70,TOYOTA,2017,19500,130000,Petrol,White,3.5
1124,TOYOTA CAMRY 70,TOYOTA,2022,29500,47000,Hybrid,Silver,2.5
1125,TOYOTA CAMRY 70,TOYOTA,2018,21500,110000,Petrol,Black,2.5
1126,TOYOTA CAMRY 70,TOYOTA,2023,31500,35000,Hybrid,White,2.5
1127,TOYOTA CAMRY 70,TOYOTA,2019,24500,87000,Petrol,Silver,3.5
1128,TOYOTA CAMRY 70,TOYOTA,2020,29500,75000,Hybrid,Black,2.5
1129,TOYOTA CAMRY 70,TOYOTA,2017,20500,125000,Petrol,Blue,2.5
1130,TOYOTA CAMRY 70,TOYOTA,2021,30500,58000,Hybrid,White,2.5
1131,TOYOTA CAMRY 70,TOYOTA,2018,22500,105000,Petrol,Silver,3.5
1132,TOYOTA CAMRY 70,TOYOTA,2022,30500,44000,Hybrid,Black,2.5
1133,TOYOTA CAMRY 70,TOYOTA,2019,25500,82000,Petrol,White,2.5
1134,TOYOTA CAMRY 70,TOYOTA,2023,32500,33000,Hybrid,Silver,2.5
1135,TOYOTA CAMRY 70,TOYOTA,2017,21500,120000,Petrol,Black,3.5
1136,TOYOTA CAMRY 70,TOYOTA,2020,31500,70000,Hybrid,White,2.5
1137,TOYOTA CAMRY 70,TOYOTA,2018,23500,95000,Petrol,Silver,2.5
1138,TOYOTA CAMRY 70,TOYOTA,2021,31500,54000,Hybrid,Black,2.5
1139,TOYOTA CAMRY 70,TOYOTA,2019,26500,78000,Petrol,Blue,3.5
1140,TOYOTA CAMRY 70,TOYOTA,2022,31500,41000,Hybrid,White,2.5
1141,TOYOTA CAMRY 70,TOYOTA,2017,22500,115000,Petrol,Silver,2.5
1142,TOYOTA CAMRY 70,TOYOTA,2023,33500,31000,Hybrid,Black,2.5
1143,TOYOTA CAMRY 70,TOYOTA,2018,24500,90000,Petrol,White,3.5
1144,TOYOTA CAMRY 70,TOYOTA,2020,32500,65000,Hybrid,Silver,2.5
1145,TOYOTA CAMRY 70,TOYOTA,2017,23500,110000,Petrol,Black,2.5
1146,TOYOTA CAMRY 70,TOYOTA,2021,33500,52000,Hybrid,White,2.5
1147,TOYOTA CAMRY 70,TOYOTA,2018,25500,85000,Petrol,Silver,3.5
1148,TOYOTA CAMRY 70,TOYOTA,2022,32500,39000,Hybrid,Black,2.5
1149,TOYOTA CAMRY 70,TOYOTA,2019,27500,76000,Petrol,White,2.5
1150,TOYOTA CAMRY 70,TOYOTA,2023,34500,29000,Hybrid,Silver,2.5
1151,TOYOTA CAMRY 70,TOYOTA,2018,20500,125000,Petrol,Black,2.5
1152,TOYOTA CAMRY 70,TOYOTA,2020,27500,90000,Hybrid,White,2.5
1153,TOYOTA CAMRY 70,TOYOTA,2019,22500,95000,Petrol,Silver,3.5
1154,TOYOTA CAMRY 70,TOYOTA,2023,28500,43000,Hybrid,Black,2.5
1155,TOYOTA CAMRY 70,TOYOTA,2017,16500,145000,Petrol,Blue,3.5
1156,TOYOTA CAMRY 70,TOYOTA,2021,27500,65000,Hybrid,White,2.5
1157,TOYOTA CAMRY 70,TOYOTA,2018,18500,125000,Petrol,Silver,2.5
1158,TOYOTA CAMRY 70,TOYOTA,2020,27500,80000,Hybrid,Black,2.5
1159,TOYOTA CAMRY 70,TOYOTA,2019,21500,100000,Petrol,White,3.5
1160,TOYOTA CAMRY 70,TOYOTA,2022,27500,53000,Hybrid,Blue,2.5
1161,TOYOTA CAMRY 70,TOYOTA,2017,17500,140000,Petrol,Black,3.5
1162,TOYOTA CAMRY 70,TOYOTA,2023,29500,41000,Hybrid,White,2.5
1163,TOYOTA CAMRY 70,TOYOTA,2018,19500,125000,Petrol,Silver,2.5
1164,TOYOTA CAMRY 70,TOYOTA,2021,28500,62000,Hybrid,Black,2.5
1165,TOYOTA CAMRY 70,TOYOTA,2019,22500,90000,Petrol,Blue,3.5
1166,TOYOTA CAMRY 70,TOYOTA,2022,28500,50000,Hybrid,White,2.5
1167,TOYOTA CAMRY 70,TOYOTA,2017,18500,135000,Petrol,Silver,2.5
1168,TOYOTA CAMRY 70,TOYOTA,2023,30500,38000,Hybrid,Black,2.5
1169,TOYOTA CAMRY 70,TOYOTA,2018,20500,115000,Petrol,White,3.5
1170,TOYOTA CAMRY 70,TOYOTA,2020,28500,85000,Hybrid,Silver,2.5
1171,TOYOTA CAMRY 70,TOYOTA,2019,23500,95000,Petrol,Blue,2.5
1172,TOYOTA CAMRY 70,TOYOTA,2021,29500,60000,Hybrid,Black,2.5
1173,TOYOTA CAMRY 70,TOYOTA,2017,19500,130000,Petrol,White,3.5
1174,TOYOTA CAMRY 70,TOYOTA,2022,29500,47000,Hybrid,Silver,2.5
1175,TOYOTA CAMRY 70,TOYOTA,2018,21500,110000,Petrol,Black,2.5
1176,TOYOTA CAMRY 70,TOYOTA,2023,31500,35000,Hybrid,White,2.5
1177,TOYOTA CAMRY 70,TOYOTA,2019,24500,87000,Petrol,Silver,3.5
1178,TOYOTA CAMRY 70,TOYOTA,2020,29500,75000,Hybrid,Black,2.5
1179,TOYOTA CAMRY 70,TOYOTA,2017,20500,125000,Petrol,Blue,2.5
1180,TOYOTA CAMRY 70,TOYOTA,2021,30500,58000,Hybrid,White,2.5
1181,TOYOTA CAMRY 70,TOYOTA,2018,22500,105000,Petrol,Silver,3.5
1182,TOYOTA CAMRY 70,TOYOTA,2022,30500,44000,Hybrid,Black,2.5
1183,TOYOTA CAMRY 70,TOYOTA,2019,25500,82000,Petrol,White,2.5
1184,TOYOTA CAMRY 70,TOYOTA,2023,32500,33000,Hybrid,Silver,2.5
1185,TOYOTA CAMRY 70,TOYOTA,2017,21500,120000,Petrol,Black,3.5
1186,TOYOTA CAMRY 70,TOYOTA,2020,31500,70000,Hybrid,White,2.5
1187,TOYOTA CAMRY 70,TOYOTA,2018,23500,95000,Petrol,Silver,2.5
1188,TOYOTA CAMRY 70,TOYOTA,2021,31500,54000,Hybrid,Black,2.5
1189,TOYOTA CAMRY 70,TOYOTA,2019,26500,78000,Petrol,Blue,3.5
1190,TOYOTA CAMRY 70,TOYOTA,2022,31500,41000,Hybrid,White,2.5
1191,TOYOTA CAMRY 70,TOYOTA,2017,22500,115000,Petrol,Silver,2.5
1192,TOYOTA CAMRY 70,TOYOTA,2023,33500,31000,Hybrid,Black,2.5
1193,TOYOTA CAMRY 70,TOYOTA,2018,24500,90000,Petrol,White,3.5
1194,TOYOTA CAMRY 70,TOYOTA,2020,32500,65000,Hybrid,Silver,2.5
1195,TOYOTA CAMRY 70,TOYOTA,2017,23500,110000,Petrol,Black,2.5
1196,TOYOTA CAMRY 70,TOYOTA,2021,33500,52000,Hybrid,White,2.5
1197,TOYOTA CAMRY 70,TOYOTA,2018,25500,85000,Petrol,Silver,3.5
1198,TOYOTA CAMRY 70,TOYOTA,2022,32500,39000,Hybrid,Black,2.5
1199,TOYOTA CAMRY 70,TOYOTA,2019,27500,76000,Petrol,White,2.5
1200,TOYOTA CAMRY 70,TOYOTA,2023,34500,29000,Hybrid,Silver,2.5
1201,TOYOTA CAMRY 70,TOYOTA,2018,21500,125000,Petrol,Black,2.5
1202,TOYOTA CAMRY 70,TOYOTA,2020,27500,85000,Hybrid,White,2.5
1203,TOYOTA CAMRY 70,TOYOTA,2019,22500,94000,Petrol,Silver,3.5
1204,TOYOTA CAMRY 70,TOYOTA,2023,28500,41000,Hybrid,Black,2.5
1205,TOYOTA CAMRY 70,TOYOTA,2017,18500,140000,Petrol,Blue,3.5
1206,TOYOTA CAMRY 70,TOYOTA,2021,27500,62000,Hybrid,White,2.5
1207,TOYOTA CAMRY 70,TOYOTA,2018,20500,115000,Petrol,Silver,2.5
1208,TOYOTA CAMRY 70,TOYOTA,2020,28500,73000,Hybrid,Black,2.5
1209,TOYOTA CAMRY 70,TOYOTA,2019,24500,91000,Petrol,White,3.5
1210,TOYOTA CAMRY 70,TOYOTA,2022,29500,49000,Hybrid,Blue,2.5
1211,TOYOTA CAMRY 70,TOYOTA,2017,19500,135000,Petrol,Black,3.5
1212,TOYOTA CAMRY 70,TOYOTA,2023,29500,39000,Hybrid,White,2.5
1213,TOYOTA CAMRY 70,TOYOTA,2018,21500,120000,Petrol,Silver,2.5
1214,TOYOTA CAMRY 70,TOYOTA,2021,29500,60000,Hybrid,Black,2.5
1215,TOYOTA CAMRY 70,TOYOTA,2019,25500,87000,Petrol,Blue,3.5
1216,TOYOTA CAMRY 70,TOYOTA,2022,30500,47000,Hybrid,White,2.5
1217,TOYOTA CAMRY 70,TOYOTA,2017,20500,130000,Petrol,Silver,2.5
1218,TOYOTA CAMRY 70,TOYOTA,2023,30500,37000,Hybrid,Black,2.5
1219,TOYOTA CAMRY 70,TOYOTA,2018,22500,110000,Petrol,White,3.5
1220,TOYOTA CAMRY 70,TOYOTA,2018,19000,125000,Petrol,Black,2.5
1221,TOYOTA CAMRY 70,TOYOTA,2019,23000,90000,Hybrid,White,2.5
1222,TOYOTA CAMRY 70,TOYOTA,2023,26000,95000,Petrol,Silver,3.5
1223,TOYOTA CAMRY 70,TOYOTA,2020,25500,80000,Hybrid,Black,2.5
1224,TOYOTA CAMRY 70,TOYOTA,2017,18500,70000,Hybrid,White,2.5
1225,TOYOTA CAMRY 70,TOYOTA,2021,28000,60000,Hybrid,Silver,2.5
1226,TOYOTA CAMRY 70,TOYOTA,2023,32000,50000,Hybrid,Blue,2.5
1227,TOYOTA CAMRY 70,TOYOTA,2017,19500,130000,Petrol,White,3.5
1228,TOYOTA CAMRY 70,TOYOTA,2018,22000,105000,Petrol,Black,2.5
1229,TOYOTA CAMRY 70,TOYOTA,2019,24000,115000,Petrol,Silver,2.5
1230,TOYOTA CAMRY 70,TOYOTA,2017,20000,90000,Hybrid,Blue,3.5
1231,TOYOTA CAMRY 70,TOYOTA,2023,29000,85000,Hybrid,Black,2.5
1232,TOYOTA CAMRY 70,TOYOTA,2022,30000,75000,Hybrid,White,2.5
1233,TOYOTA CAMRY 70,TOYOTA,2020,26000,60000,Hybrid,Silver,3.5
1234,TOYOTA CAMRY 70,TOYOTA,2017,17500,140000,Petrol,Black,2.5
1235,TOYOTA CAMRY 70,TOYOTA,2019,21000,110000,Petrol,White,3.5
1236,TOYOTA CAMRY 70,TOYOTA,2021,24500,95000,Petrol,Blue,2.5
1237,TOYOTA CAMRY 70,TOYOTA,2022,26000,75000,Hybrid,Silver,3.5
1238,TOYOTA CAMRY 70,TOYOTA,2020,25000,62000,Hybrid,White,2.5
1239,TOYOTA CAMRY 70,TOYOTA,2018,26000,53000,Hybrid,Black,2.5
1240,TOYOTA CAMRY 70,TOYOTA,2017,20500,45000,Hybrid,Blue,2.5
1241,TOYOTA CAMRY 70,TOYOTA,2018,19500,125000,Petrol,White,3.5
1242,TOYOTA CAMRY 70,TOYOTA,2019,22500,95000,Petrol,Black,2.5
1243,TOYOTA CAMRY 70,TOYOTA,2017,21000,94000,Petrol,Silver,3.5
1244,TOYOTA CAMRY 70,TOYOTA,2020,23500,80000,Hybrid,Blue,2.5
1245,TOYOTA CAMRY 70,TOYOTA,2018,24000,65000,Hybrid,White,2.5
1246,TOYOTA CAMRY 70,TOYOTA,2022,29000,58000,Hybrid,Black,2.5
1247,TOYOTA CAMRY 70,TOYOTA,2023,33500,51000,Hybrid,Silver,2.5
1248,TOYOTA CAMRY 70,TOYOTA,2017,18500,135000,Petrol,Black,3.5
1249,TOYOTA CAMRY 70,TOYOTA,2018,20500,105000,Petrol,White,2.5
1250,TOYOTA CAMRY 70,TOYOTA,2020,25000,95000,Petrol,Blue,3.5
1251,TOYOTA CAMRY 70,TOYOTA,2021,26630,82000,Hybrid,White,2.5
1252,TOYOTA CAMRY 70,TOYOTA,2019,28320,97000,Hybrid,Black,2.5
1253,TOYOTA CAMRY 70,TOYOTA,2018,22500,103000,Petrol,Silver,2.5
1254,TOYOTA CAMRY 70,TOYOTA,2019,24000,89000,Hybrid,Blue,2.5
1255,TOYOTA CAMRY 70,TOYOTA,2020,26250,76000,Petrol,Black,2.5
1256,TOYOTA CAMRY 70,TOYOTA,2021,27500,65000,Hybrid,White,2.5
1257,TOYOTA CAMRY 70,TOYOTA,2019,25000,105000,Hybrid,Silver,2.5
1258,TOYOTA CAMRY 70,TOYOTA,2020,26250,72000,Petrol,Blue,3.5
1259,TOYOTA CAMRY 70,TOYOTA,2018,21750,115000,Petrol,Black,2.5
1260,TOYOTA CAMRY 70,TOYOTA,2020,24750,89000,Hybrid,White,2.5
1261,TOYOTA CAMRY 70,TOYOTA,2017,19750,121000,Petrol,Silver,3.5
1262,TOYOTA CAMRY 70,TOYOTA,2023,32750,48000,Hybrid,Blue,2.5
1263,TOYOTA CAMRY 70,TOYOTA,2019,24250,93000,Petrol,Black,2.5
1264,TOYOTA CAMRY 70,TOYOTA,2018,21750,105000,Petrol,White,2.5
1265,TOYOTA CAMRY 70,TOYOTA,2022,30150,71000,Hybrid,Silver,2.5
1266,TOYOTA CAMRY 70,TOYOTA,2018,25125,112000,Hybrid,Blue,2.5
1267,TOYOTA CAMRY 70,TOYOTA,2023,33250,50000,Hybrid,White,2.5
1268,TOYOTA CAMRY 70,TOYOTA,2020,26375,78000,Petrol,Black,3.5
1269,TOYOTA CAMRY 70,TOYOTA,2019,27000,94000,Petrol,Silver,2.5
1270,TOYOTA CAMRY 70,TOYOTA,2021,29750,69000,Petrol,Blue,2.5
1271,TOYOTA CAMRY 70,TOYOTA,2022,29625,68000,Petrol,White,2.5
1272,TOYOTA CAMRY 70,TOYOTA,2017,18750,130000,Petrol,Black,2.5
1273,TOYOTA CAMRY 70,TOYOTA,2019,24000,105000,Hybrid,Silver,2.5
1274,TOYOTA CAMRY 70,TOYOTA,2018,22500,115000,Petrol,Blue,3.5
1275,TOYOTA CAMRY 70,TOYOTA,2020,25500,83000,Hybrid,White,2.5
1276,TOYOTA CAMRY 70,TOYOTA,2018,24375,108000,Petrol,Black,3.5
1277,TOYOTA CAMRY 70,TOYOTA,2017,20000,127000,Petrol,Silver,2.5
1278,TOYOTA CAMRY 70,TOYOTA,2022,31600,64000,Petrol,Blue,3.5
1279,TOYOTA CAMRY 70,TOYOTA,2019,24500,98000,Hybrid,White,2.5
1280,TOYOTA CAMRY 70,TOYOTA,2018,22500,120000,Hybrid,Silver,2.5
1281,TOYOTA CAMRY 70,TOYOTA,2023,33250,55000,Hybrid,Black,2.5
1282,TOYOTA CAMRY 70,TOYOTA,2021,29650,71000,Petrol,White,2.5
1283,TOYOTA CAMRY 70,TOYOTA,2019,24500,102000,Petrol,Blue,2.5
1284,TOYOTA CAMRY 70,TOYOTA,2017,18750,137000,Petrol,Black,3.5
1285,TOYOTA CAMRY 70,TOYOTA,2018,21750,115000,Hybrid,White,2.5
1286,TOYOTA CAMRY 70,TOYOTA,2022,30150,68000,Hybrid,Silver,2.5
1287,TOYOTA CAMRY 70,TOYOTA,2020,25125,87000,Petrol,Blue,2.5
1288,TOYOTA CAMRY 70,TOYOTA,2019,29000,96000,Hybrid,White,2.5
1289,TOYOTA CAMRY 70,TOYOTA,2018,22500,110000,Petrol,Black,2.5
1290,TOYOTA CAMRY 70,TOYOTA,2017,18750,123000,Petrol,Silver,2.5
1291,TOYOTA CAMRY 70,TOYOTA,2021,29840,68000,Hybrid,Blue,2.5
1292,TOYOTA CAMRY 70,TOYOTA,2019,28790,98000,Petrol,White,2.5
1293,TOYOTA CAMRY 70,TOYOTA,2023,31890,56000,Petrol,Black,2.5
1294,TOYOTA CAMRY 70,TOYOTA,2020,25680,81000,Hybrid,Silver,2.5
1295,TOYOTA CAMRY 70,TOYOTA,2018,22840,118000,Petrol,Blue,3.5
1296,TOYOTA CAMRY 70,TOYOTA,2017,19125,132000,Hybrid,White,2.5
1297,TOYOTA CAMRY 70,TOYOTA,2019,24500,99000,Petrol,Black,2.5
1298,TOYOTA CAMRY 70,TOYOTA,2022,30540,72000,Petrol,Silver,2.5
1299,TOYOTA CAMRY 70,TOYOTA,2021,29950,66000,Petrol,Blue,2.5
1300,TOYOTA CAMRY 70,TOYOTA,2023,33200,32000,Hybrid,White,2.5
1301,TOYOTA CAMRY 70,TOYOTA,2018,22500,124000,Petrol,Silver,2.5
1302,TOYOTA CAMRY 70,TOYOTA,2017,19125,129000,Hybrid,Blue,2.5
1303,TOYOTA CAMRY 70,TOYOTA,2019,24850,98000,Petrol,White,2.5
1304,TOYOTA CAMRY 70,TOYOTA,2020,26025,85000,Hybrid,Black,2.5
1305,TOYOTA CAMRY 70,TOYOTA,2018,22750,119000,Hybrid,Silver,2.5
1306,TOYOTA CAMRY 70,TOYOTA,2021,29750,72000,Petrol,Blue,2.5
1307,TOYOTA CAMRY 70,TOYOTA,2019,24250,95000,Petrol,Black,2.5
1308,TOYOTA CAMRY 70,TOYOTA,2018,22500,110000,Hybrid,White,2.5
1309,TOYOTA CAMRY 70,TOYOTA,2023,33250,52000,Hybrid,Silver,2.5
1310,TOYOTA CAMRY 70,TOYOTA,2020,25875,83000,Petrol,Blue,2.5
1311,TOYOTA CAMRY 70,TOYOTA,2018,23000,112000,Hybrid,Black,2.5
1312,TOYOTA CAMRY 70,TOYOTA,2017,19750,128000,Hybrid,White,2.5
1313,TOYOTA CAMRY 70,TOYOTA,2022,31250,68000,Petrol,Silver,2.5
1314,TOYOTA CAMRY 70,TOYOTA,2018,22125,117000,Petrol,Blue,2.5
1315,TOYOTA CAMRY 70,TOYOTA,2021,29840,69000,Hybrid,White,2.5
1316,TOYOTA CAMRY 70,TOYOTA,2019,24850,96000,Petrol,Black,2.5
1317,TOYOTA CAMRY 70,TOYOTA,2018,22840,118000,Hybrid,Silver,2.5
1318,TOYOTA CAMRY 70,TOYOTA,2023,33250,56000,Petrol,Black,2.5
1319,TOYOTA CAMRY 70,TOYOTA,2020,26375,79000,Hybrid,White,2.5
1320,TOYOTA CAMRY 70,TOYOTA,2018,23000,114000,Hybrid,Blue,2.5
1321,TOYOTA CAMRY 70,TOYOTA,2017,19500,127000,Hybrid,Silver,2.5
1322,TOYOTA CAMRY 70,TOYOTA,2019,25000,93000,Petrol,Blue,2.5
1323,TOYOTA CAMRY 70,TOYOTA,2022,31875,64000,Hybrid,White,2.5
1324,TOYOTA CAMRY 70,TOYOTA,2018,23125,115000,Petrol,Black,2.5
1325,TOYOTA CAMRY 70,TOYOTA,2017,19125,130000,Petrol,Silver,2.5
1326,TOYOTA CAMRY 70,TOYOTA,2019,24500,99000,Hybrid,Blue,2.5
1327,TOYOTA CAMRY 70,TOYOTA,2018,22750,118000,Petrol,White,2.5
1328,TOYOTA CAMRY 70,TOYOTA,2023,33250,57000,Hybrid,Silver,2.5
1329,TOYOTA CAMRY 70,TOYOTA,2020,26025,81000,Petrol,Black,2.5
1330,TOYOTA CAMRY 70,TOYOTA,2018,22500,121000,Hybrid,White,2.5
1331,TOYOTA CAMRY 70,TOYOTA,2017,19250,133000,Hybrid,Silver,2.5
1332,TOYOTA CAMRY 70,TOYOTA,2019,24850,97000,Petrol,Blue,2.5
1333,TOYOTA CAMRY 70,TOYOTA,2022,31875,65000,Hybrid,White,2.5
1334,TOYOTA CAMRY 70,TOYOTA,2018,23125,116000,Petrol,Black,2.5
1335,TOYOTA CAMRY 70,TOYOTA,2017,19250,131000,Petrol,Silver,2.5
1336,TOYOTA CAMRY 70,TOYOTA,2019,24500,98000,Hybrid,Blue,2.5
1337,TOYOTA CAMRY 70,TOYOTA,2018,23000,116000,Petrol,White,2.5
1338,TOYOTA CAMRY 70,TOYOTA,2023,33250,58000,Hybrid,Silver,2.5
1339,TOYOTA CAMRY 70,TOYOTA,2020,26025,83000,Petrol,Black,2.5
1340,TOYOTA CAMRY 70,TOYOTA,2018,22500,122000,Hybrid,White,2.5
1341,TOYOTA CAMRY 70,TOYOTA,2017,19500,135000,Hybrid,Silver,2.5
1342,TOYOTA CAMRY 70,TOYOTA,2019,25000,95000,Petrol,Blue,2.5
1343,TOYOTA CAMRY 70,TOYOTA,2022,31875,66000,Hybrid,White,2.5
1344,TOYOTA CAMRY 70,TOYOTA,2018,23125,117000,Petrol,Black,2.5
1345,TOYOTA CAMRY 70,TOYOTA,2017,19250,132000,Petrol,Silver,2.5
1346,TOYOTA CAMRY 70,TOYOTA,2019,24500,97000,Hybrid,Blue,2.5
1347,TOYOTA CAMRY 70,TOYOTA,2022,31875,67000,Hybrid,White,2.5
1348,TOYOTA CAMRY 70,TOYOTA,2018,23125,118000,Petrol,Black,2.5
1349,TOYOTA CAMRY 70,TOYOTA,2017,19250,133000,Petrol,Silver,2.5
1350,TOYOTA CAMRY 70,TOYOTA,2019,24500,96000,Hybrid,Blue,2.5
1351,TOYOTA CAMRY 70,TOYOTA,2018,23250,117000,Petrol,Silver,2.5
1352,TOYOTA CAMRY 70,TOYOTA,2017,19350,136000,Petrol,White,2.5
1353,TOYOTA CAMRY 70,TOYOTA,2019,25250,94000,Hybrid,Black,2.5
1354,TOYOTA CAMRY 70,TOYOTA,2020,26375,81000,Petrol,Blue,2.5
1355,TOYOTA CAMRY 70,TOYOTA,2018,23000,116000,Hybrid,White,2.5
1356,TOYOTA CAMRY 70,TOYOTA,2017,19450,137000,Petrol,Black,2.5
1357,TOYOTA CAMRY 70,TOYOTA,2019,25400,93000,Petrol,Silver,2.5
1358,TOYOTA CAMRY 70,TOYOTA,2018,23000,115000,Hybrid,Blue,2.5
1359,TOYOTA CAMRY 70,TOYOTA,2017,19500,138000,Hybrid,White,2.5
1360,TOYOTA CAMRY 70,TOYOTA,2022,32000,65000,Petrol,Black,2.5
1361,TOYOTA CAMRY 70,TOYOTA,2019,25500,92000,Hybrid,Silver,2.5
1362,TOYOTA CAMRY 70,TOYOTA,2018,23500,114000,Petrol,Blue,2.5
1363,TOYOTA CAMRY 70,TOYOTA,2017,19600,139000,Petrol,White,2.5
1364,TOYOTA CAMRY 70,TOYOTA,2019,25600,91000,Hybrid,Black,2.5
1365,TOYOTA CAMRY 70,TOYOTA,2020,26750,78000,Petrol,Silver,2.5
1366,TOYOTA CAMRY 70,TOYOTA,2018,23250,113000,Hybrid,Blue,2.5
1367,TOYOTA CAMRY 70,TOYOTA,2017,19750,140000,Petrol,White,2.5
1368,TOYOTA CAMRY 70,TOYOTA,2019,25700,90000,Hybrid,Black,2.5
1369,TOYOTA CAMRY 70,TOYOTA,2018,23500,112000,Petrol,Silver,2.5
1370,TOYOTA CAMRY 70,TOYOTA,2017,19800,141000,Petrol,Blue,2.5
1371,TOYOTA CAMRY 70,TOYOTA,2021,30250,70000,Hybrid,White,2.5
1372,TOYOTA CAMRY 70,TOYOTA,2020,27000,76000,Petrol,Black,2.5
1373,TOYOTA CAMRY 70,TOYOTA,2018,23500,111000,Hybrid,Silver,2.5
1374,TOYOTA CAMRY 70,TOYOTA,2017,19950,142000,Hybrid,Blue,2.5
1375,TOYOTA CAMRY 70,TOYOTA,2019,25800,89000,Petrol,White,2.5
1376,TOYOTA CAMRY 70,TOYOTA,2018,23750,110000,Hybrid,Black,2.5
1377,TOYOTA CAMRY 70,TOYOTA,2023,33500,55000,Petrol,Silver,2.5
1378,TOYOTA CAMRY 70,TOYOTA,2019,26000,88000,Hybrid,Blue,2.5
1379,TOYOTA CAMRY 70,TOYOTA,2018,23750,109000,Petrol,White,2.5
1380,TOYOTA CAMRY 70,TOYOTA,2017,20050,143000,Petrol,White,3.5
1381,TOYOTA CAMRY 70,TOYOTA,2021,30750,68000,Hybrid,Black,2.5
1382,TOYOTA CAMRY 70,TOYOTA,2018,24000,108000,Petrol,Silver,3.5
1383,TOYOTA CAMRY 70,TOYOTA,2017,20300,144000,Petrol,Blue,3.5
1384,TOYOTA CAMRY 70,TOYOTA,2019,26200,87000,Hybrid,White,2.5
1385,TOYOTA CAMRY 70,TOYOTA,2020,27250,75000,Petrol,Black,2.5
1386,TOYOTA CAMRY 70,TOYOTA,2018,24000,107000,Hybrid,Silver,2.5
1387,TOYOTA CAMRY 70,TOYOTA,2017,20450,145000,Petrol,White,2.5
1388,TOYOTA CAMRY 70,TOYOTA,2019,26400,86000,Hybrid,Blue,2.5
1389,TOYOTA CAMRY 70,TOYOTA,2018,24250,106000,Petrol,Black,2.5
1390,TOYOTA CAMRY 70,TOYOTA,2022,32250,64000,Hybrid,Silver,2.5
1391,TOYOTA CAMRY 70,TOYOTA,2019,26500,85000,Petrol,Blue,2.5
1392,TOYOTA CAMRY 70,TOYOTA,2018,24500,105000,Hybrid,White,2.5
1393,TOYOTA CAMRY 70,TOYOTA,2017,20600,146000,Petrol,Black,2.5
1394,TOYOTA CAMRY 70,TOYOTA,2023,33750,53000,Hybrid,Blue,2.5
1395,TOYOTA CAMRY 70,TOYOTA,2019,26700,84000,Petrol,Silver,2.5
1396,TOYOTA CAMRY 70,TOYOTA,2018,24750,104000,Hybrid,White,2.5
1397,TOYOTA CAMRY 70,TOYOTA,2017,20750,147000,Petrol,Blue,3.5
1398,TOYOTA CAMRY 70,TOYOTA,2021,31250,67000,Hybrid,Black,2.5
1399,TOYOTA CAMRY 70,TOYOTA,2018,25000,103000,Petrol,White,2.5
1400,TOYOTA CAMRY 70,TOYOTA,2017,20900,148000,Petrol,Silver,2.5
1401,TOYOTA CAMRY 70,TOYOTA,2019,26900,83000,Hybrid,Blue,2.5
1402,TOYOTA CAMRY 70,TOYOTA,2018,25250,102000,Petrol,Black,2.5
1403,TOYOTA CAMRY 70,TOYOTA,2020,27500,73000,Hybrid,White,2.5
1404,TOYOTA CAMRY 70,TOYOTA,2018,25500,101000,Petrol,Blue,2.5
1405,TOYOTA CAMRY 70,TOYOTA,2017,21050,149000,Hybrid,Silver,2.5
1406,TOYOTA CAMRY 70,TOYOTA,2019,27100,82000,Petrol,White,2.5
1407,TOYOTA CAMRY 70,TOYOTA,2018,25750,100000,Hybrid,Black,2.5
1408,TOYOTA CAMRY 70,TOYOTA,2017,21200,150000,Petrol,Blue,2.5
1409,TOYOTA CAMRY 70,TOYOTA,2022,32750,63000,Hybrid,White,2.5
1410,TOYOTA CAMRY 70,TOYOTA,2019,27200,81000,Petrol,Silver,2.5
1411,TOYOTA CAMRY 70,TOYOTA,2018,26000,99000,Hybrid,Blue,2.5
1412,TOYOTA CAMRY 70,TOYOTA,2017,21350,151000,Petrol,White,2.5
1413,TOYOTA CAMRY 70,TOYOTA,2023,34250,51000,Hybrid,Black,2.5
1414,TOYOTA CAMRY 70,TOYOTA,2019,27300,80000,Petrol,Black,3.5
1415,TOYOTA CAMRY 70,TOYOTA,2018,26250,98000,Hybrid,White,2.5
1416,TOYOTA CAMRY 70,TOYOTA,2017,21500,152000,Hybrid,Black,2.5
1417,TOYOTA CAMRY 70,TOYOTA,2022,33250,62000,Petrol,White,2.5
1418,TOYOTA CAMRY 70,TOYOTA,2019,27600,79000,Petrol,Silver,2.5
1419,TOYOTA CAMRY 70,TOYOTA,2018,26500,97000,Petrol,Blue,2.5
1420,TOYOTA CAMRY 70,TOYOTA,2017,21700,153000,Petrol,White,2.5
1421,TOYOTA CAMRY 70,TOYOTA,2023,34750,49000,Petrol,Black,3.5
1422,TOYOTA CAMRY 70,TOYOTA,2019,27900,78000,Petrol,Black,2.5
1423,TOYOTA CAMRY 70,TOYOTA,2018,26750,96000,Hybrid,White,2.5
1424,TOYOTA CAMRY 70,TOYOTA,2017,21850,154000,Hybrid,Silver,2.5
1425,TOYOTA CAMRY 70,TOYOTA,2021,31750,65000,Petrol,Blue,3.5
1426,TOYOTA CAMRY 70,TOYOTA,2018,27000,84000,Petrol,White,2.5
1427,TOYOTA CAMRY 70,TOYOTA,2017,22000,135000,Hybrid,Black,2.5
1428,TOYOTA CAMRY 70,TOYOTA,2019,28500,92000,Hybrid,Silver,2.5
1429,TOYOTA CAMRY 70,TOYOTA,2018,27500,110000,Petrol,Blue,2.5
1430,TOYOTA CAMRY 70,TOYOTA,2017,22200,156000,Petrol,White,2.5
1431,TOYOTA CAMRY 70,TOYOTA,2022,35250,47000,Hybrid,Black,2.5
1432,TOYOTA CAMRY 70,TOYOTA,2019,28900,76000,Petrol,Black,3.5
1433,TOYOTA CAMRY 70,TOYOTA,2018,27750,105000,Petrol,White,2.5
1434,TOYOTA CAMRY 70,TOYOTA,2017,22400,157000,Petrol,Silver,2.5
1435,TOYOTA CAMRY 70,TOYOTA,2021,32250,63000,Hybrid,Blue,2.5
1436,TOYOTA CAMRY 70,TOYOTA,2020,26500,87000,Petrol,White,2.5
1437,TOYOTA CAMRY 70,TOYOTA,2017,22500,158000,Hybrid,Black,2.5
1438,TOYOTA CAMRY 70,TOYOTA,2019,29500,75000,Hybrid,Silver,2.5
1439,TOYOTA CAMRY 70,TOYOTA,2018,27250,115000,Petrol,Blue,3.5
1440,TOYOTA CAMRY 70,TOYOTA,2017,22700,159000,Petrol,White,3.5
1441,TOYOTA CAMRY 70,TOYOTA,2023,35750,45000,Hybrid,Black,2.5
1442,TOYOTA CAMRY 70,TOYOTA,2019,29800,74000,Hybrid,Black,2.5
1443,TOYOTA CAMRY 70,TOYOTA,2018,28000,104000,Hybrid,White,2.5
1444,TOYOTA CAMRY 70,TOYOTA,2017,22900,160000,Hybrid,Silver,2.5
1445,TOYOTA CAMRY 70,TOYOTA,2021,32750,61000,Petrol,Blue,2.5
1446,TOYOTA CAMRY 70,TOYOTA,2020,26750,89000,Hybrid,White,2.5
1447,TOYOTA CAMRY 70,TOYOTA,2017,23000,161000,Hybrid,Black,2.5
1448,TOYOTA CAMRY 70,TOYOTA,2019,30100,73000,Hybrid,Silver,2.5
1449,TOYOTA CAMRY 70,TOYOTA,2018,27500,120000,Petrol,Blue,2.5
1450,TOYOTA CAMRY 70,TOYOTA,2017,23100,162000,Petrol,White,2.5
1451,TOYOTA CAMRY 70,TOYOTA,2022,36250,43000,Petrol,Black,2.5
1452,TOYOTA CAMRY 70,TOYOTA,2019,30400,72000,Hybrid,Black,2.5
1453,TOYOTA CAMRY 70,TOYOTA,2018,28250,103000,Hybrid,White,2.5
1454,TOYOTA CAMRY 70,TOYOTA,2017,23200,163000,Hybrid,Silver,2.5
1455,TOYOTA CAMRY 70,TOYOTA,2021,33250,59000,Petrol,Blue,2.5
1456,TOYOTA CAMRY 70,TOYOTA,2017,19500,115000,Petrol,White,2.5
1457,TOYOTA CAMRY 70,TOYOTA,2017,18000,125000,Petrol,Black,3.5
1458,TOYOTA CAMRY 70,TOYOTA,2017,20000,130000,Petrol,Blue,2.5
1459,TOYOTA CAMRY 70,TOYOTA,2017,21000,135000,Petrol,White,2.5
1460,TOYOTA CAMRY 70,TOYOTA,2017,22000,140000,Petrol,Black,3.5
1461,TOYOTA CAMRY 70,TOYOTA,2017,23000,145000,Petrol,Blue,2.5
1462,TOYOTA CAMRY 70,TOYOTA,2017,23500,150000,Petrol,White,2.5
1463,TOYOTA CAMRY 70,TOYOTA,2018,20500,105000,Petrol,Black,2.5
1464,TOYOTA CAMRY 70,TOYOTA,2018,21500,110000,Petrol,Blue,3.5
1465,TOYOTA CAMRY 70,TOYOTA,2018,22500,115000,Petrol,White,2.5
1466,TOYOTA CAMRY 70,TOYOTA,2018,23500,120000,Petrol,Black,2.5
1467,TOYOTA CAMRY 70,TOYOTA,2018,24500,125000,Petrol,Blue,3.5
1468,TOYOTA CAMRY 70,TOYOTA,2018,25500,130000,Petrol,White,2.5
1469,TOYOTA CAMRY 70,TOYOTA,2019,22000,95000,Petrol,Black,2.5
1470,TOYOTA CAMRY 70,TOYOTA,2019,23000,100000,Petrol,Blue,3.5
1471,TOYOTA CAMRY 70,TOYOTA,2019,24000,105000,Petrol,White,2.5
1472,TOYOTA CAMRY 70,TOYOTA,2019,25000,110000,Petrol,Black,2.5
1473,TOYOTA CAMRY 70,TOYOTA,2020,24000,85000,Petrol,Blue,2.5
1474,TOYOTA CAMRY 70,TOYOTA,2020,25000,90000,Petrol,White,3.5
1475,TOYOTA CAMRY 70,TOYOTA,2020,26000,95000,Petrol,Black,2.5
1476,TOYOTA CAMRY 70,TOYOTA,2020,27000,100000,Petrol,Blue,3.5
1477,TOYOTA CAMRY 70,TOYOTA,2021,26000,75000,Petrol,White,2.5
1478,TOYOTA CAMRY 70,TOYOTA,2021,27000,80000,Petrol,Black,2.5
1479,TOYOTA CAMRY 70,TOYOTA,2021,28000,85000,Petrol,Blue,3.5
1480,TOYOTA CAMRY 70,TOYOTA,2021,29000,90000,Petrol,White,2.5
1481,TOYOTA CAMRY 70,TOYOTA,2022,28000,65000,Petrol,Black,2.5
1482,TOYOTA CAMRY 70,TOYOTA,2022,29000,70000,Petrol,Blue,3.5
1483,TOYOTA CAMRY 70,TOYOTA,2022,30000,75000,Petrol,White,2.5
1484,TOYOTA CAMRY 70,TOYOTA,2022,31000,68000,Petrol,Black,2.5
1485,TOYOTA CAMRY 70,TOYOTA,2023,32000,35000,Petrol,Blue,3.5
1486,TOYOTA CAMRY 70,TOYOTA,2023,33000,30000,Petrol,White,2.5
1487,TOYOTA CAMRY 70,TOYOTA,2023,34000,25000,Petrol,Black,2.5
1488,TOYOTA CAMRY 70,TOYOTA,2023,35000,17000,Petrol,Blue,3.5
1489,TOYOTA CAMRY 70,TOYOTA,2017,17500,125000,Hybrid,Black,2.5
1490,TOYOTA CAMRY 70,TOYOTA,2017,18500,130000,Hybrid,Blue,2.5
1491,TOYOTA CAMRY 70,TOYOTA,2018,19500,95000,Hybrid,White,2.5
1492,TOYOTA CAMRY 70,TOYOTA,2018,20500,100000,Hybrid,Black,2.5
1493,TOYOTA CAMRY 70,TOYOTA,2019,21500,85000,Hybrid,Blue,2.5
1494,TOYOTA CAMRY 70,TOYOTA,2019,22500,90000,Hybrid,White,2.5
1495,TOYOTA CAMRY 70,TOYOTA,2020,23500,80000,Hybrid,Black,2.5
1496,TOYOTA CAMRY 70,TOYOTA,2020,24500,85000,Hybrid,Blue,2.5
1497,TOYOTA CAMRY 70,TOYOTA,2021,25500,75000,Hybrid,White,2.5
1498,TOYOTA CAMRY 70,TOYOTA,2021,26500,80000,Hybrid,Black,2.5
1499,TOYOTA CAMRY 70,TOYOTA,2022,27500,70000,Hybrid,Blue,2.5
1500,TOYOTA CAMRY 70,TOYOTA,2022,28500,75000,Hybrid,White,2.5
