,name,company,year,Price,kms_driven,fuel_type
0,Toyota Camry 55 SE USAüá∫üá∏,Toyota,2015,15800$,150 000 km,Hybrid
1,Toyota Land Cruiser 200,Toyota,2015,47000$,145 000 km,Petrol
2,Toyota Camry 70 XSE,Toyota,2019,20500$,180 246 km,Petrol
3,Toyota Highlander IV (U70),Toyota,2019,45300$,108 000 km,Hybrid
4,Toyota Crown XVI (S235),Toyota,2023,51500$,7 750 km,Hybrid
5,Toyota Sequoia I Restyling,Toyota,2004,23500$,167 000 km,Petrol
6,Toyota RAV4 V (XA50),Toyota,2021, 37500$,56 000 km,Hybrid
7,Toyota Avalon,Toyota,2019,30000$,27 000 km,Hybrid
8,Toyota Crown,Toyota,2020,35500$,57 750 km,Petrol
9,Toyota Sequoia,Toyota,2022,98500$,12 000 km,Petrol
10,Toyota Camry 55 SE,Toyota,2016,19800$,130 000 km,Hybrid
11,Toyota Land Cruiser 300,Toyota,2022,107000$,45 000 km,Petrol
12,ToyotaCamry 70 SE,Toyota,2021,26500$,80 246 km,Hybrid
13,Toyota Land Cruiser 200,Toyota,2010,27000$,245 000 km,Petrol
14,Toyota Camry 75,Toyota,2023,30500$,60 246 km,Hybrid
15,Toyota Highlander,Toyota,2023,49300$,52 000 km,Hybrid
16,Toyota Crown XVI,Toyota,2023,58500$,17 750 km,Hybrid
17,Toyota Sequoia I Restyling,Toyota,2003,22500$,200 000 km,Petrol
18,Toyota RAV4 V (XA50),Toyota,2021, 37500$,56 000 km,Hybrid
19,Toyota Avalon,Toyota,2019,30000$,27 000 km,Hybrid
20,Toyota Crown,Toyota,2023,60500$,5 750 km,Hybrid
21,Toyota Sequoia I Restyling,Toyota,2000,18500$,260 000 km,Petrol
22,Toyota RAV4,Toyota,2019, 28500$,100 000 km,Hybrid
23,Toyota Avalon,Toyota,2022,31000$,50 000 km,Hybrid
24,Toyota Highlander IV (U70),Toyota,2012,48300$,75 000 km,Petrol
25,Toyota Crown,Toyota,2020,45500$,45 750 km,Petrol
26,Toyota Camry 40,Toyota,2012,12300$,250 000 km,Petrol
27,Toyota RAV4,Toyota,2018, 26500$,86 000 km,Hybrid
28,Toyota Avalon,Toyota,2021,31100$,42 000 km,Hybrid
29,Toyota Crown XVI (S235),Toyota,2020,45500$,47 750 km,Hybrid
30,Toyota Sequoia,Toyota,2019,56500$,80 000 km,Petrol
31,Toyota RAV4,Toyota,2021, 39500$,60 000 km,Hybrid
32,Toyota Avalon,Toyota,2019,31000$,29 000 km,Hybrid
33,Toyota Highlander IV (U70),Toyota,2012,45500$,100 000 km,Hybrid
34,Toyota Crown XVI (S235),Toyota,2023,49500$,17 750 km,Hybrid
35,Toyota Highlander,Toyota,2021,40000$,90 000 km,Petrol
36,Toyota Crown,Toyota,2023,51500$,7 750 km,Petrol
37,Toyota Sequoia,Toyota,2020,75500$,25 000 km,Hybrid
38,Toyota RAV4 V (XA50),Toyota,2021, 39500$,48 000 km,Petrol
39,Toyota Avalon,Toyota,2019,30000$,27 000 km,Hybrid
40,Toyota Crown XVI (S235),Toyota,2023,55500$,4 750 km,Hybrid
41,Toyota Sequoia,Toyota,2018,48500$,40 000 km,Petrol
42,Toyota RAV4,Toyota,2022, 42500$,23 000 km,Hybrid
43,Toyota Avalon,Toyota,2021,35000$,46 000 km,Petrol
44,Toyota Grand Highlander ,Toyota,2024,85300$,5 000 km,Hybrid
45,Toyota Crown,Toyota,2023,54500$,8 750 km,Hybrid
46,Toyota Camry 50,Toyota,2014,14800$,180 000 km,Petrol
47,Toyota Land Cruiser 300,Toyota,2023,105000$,15 000 km,Petrol
48,Toyota Camry 75 XSE,Toyota,2010,25500$,180 246 km,Petrol
49,Toyota Land Cruiser 200,Toyota,2014,41000$,150 000 km,Petrol
50,Toyota Camry 75 SE,Toyota,2020,28250$,25 600 km,Petrol
51,Toyota Corolla 50,Toyota,2022,23600$,18 500 km,Hybrid
52,Toyota Avalon XLE,Toyota,2023,38750$,12 200 km,Petrol
53,Toyota Crown 55,Toyota,2021,50750$,8 300 km,Hybrid
54,Toyota Prius Prime,Toyota,2021,25900$,30 400 km,Petrol
55,Toyota Supra GR,Toyota,2020,55700$,10 100 km,Petrol
56,Toyota Yaris LE,Toyota,2022,18500$,20 800 km,Hybrid
57,Toyota Highlander XSE,Toyota,2021,42800$,15 700 km,Petrol
58,Toyota 4Runner TRD Pro,Toyota,2019,38200$,35 900 km,Hybrid
59,Toyota Prado VX,Toyota,2022,66200$,10 500 km,Petrol
60,Toyota Estima Hybrid,Toyota,2020,30200$,28 300 km,Hybrid
61,Toyota Alphard Executive Lounge,Toyota,2023,80600$,5 200 km,Petrol
62,Toyota Camry 70 XLE,Toyota,2018,25200$,45 600 km,Hybrid
63,Toyota Corolla 60 XSE,Toyota,2020,20200$,22 400 km,Hybrid
64,Toyota Avalon Limited,Toyota,2021,42700$,15 900 km,Petrol
65,Toyota Crown Hybrid,Toyota,2022,55750$,12 100 km,Hybrid
66,Toyota Prius L Eco,Toyota,2019,21800$,35 200 km,Petrol
67,Toyota Supra 3.0 Premium,Toyota,2020,60200$,8 200 km,Petrol
68,Toyota Yaris Hatchback,Toyota,2021,19500$,25 300 km,Hybrid
69,Toyota Highlander Limited,Toyota,2022,48400$,18 400 km,Petrol
70,Toyota 4Runner Limited Nightshade,Toyota,2021,45600$,20 500 km,Hybrid
71,Toyota Prado TXL,Toyota,2020,62800$,12 200 km,Petrol
72,Toyota Estima Aeras,Toyota,2019,28200$,32 500 km,Hybrid
73,Toyota Alphard Vellfire,Toyota,2020,71200$,8 300 km,Petrol
74,Toyota Camry 65 LE,Toyota,2017,20200$,55 100 km,Hybrid
75,Toyota Corolla 55 SE,Toyota,2018,18200$,28 700 km,Hybrid
76,Toyota Avalon Touring,Toyota,2020,38700$,20 200 km,Petrol
77,Toyota Crown Athlete,Toyota,2021,52500$,10 800 km,Hybrid
78,Toyota Prius XLE AWD-e,Toyota,2019,25600$,40 200 km,Petrol
79,Toyota Supra 2.0,Toyota,2021,55700$,10 100 km,Petrol
80,Toyota Yaris Sedan,Toyota,2020,17200$,30 800 km,Hybrid
81,Toyota Highlander XLE,Toyota,2018,45700$,25 500 km,Petrol
82,Toyota 4Runner SR5,Toyota,2017,35600$,35 200 km,Hybrid
83,Toyota Prado GXL,Toyota,2019,61200$,15 200 km,Petrol
84,Toyota Estima Hybrid Premium,Toyota,2022,32500$,22 600 km,Hybrid
85,Toyota Alphard Executive,Toyota,2018,75200$,10 400 km,Petrol
86,Toyota Camry 60 SE,Toyota,2016,18200$,60 200 km,Hybrid
87,Toyota Corolla 45 LE,Toyota,2017,16200$,32 700 km,Hybrid
88,Toyota Avalon XSE Nightshade,Toyota,2022,42700$,18 200 km,Petrol
89,Toyota Camry 70 LE,Toyota,2019,20500$,65 500 km,Hybrid
90,Toyota Corolla 60 SE Nightshade,Toyota,2021,19800$,23 700 km,Hybrid
91,Toyota Avalon Limited Hybrid,Toyota,2020,39700$,21 400 km,Petrol
92,Toyota Crown Majesta,Toyota,2023,75000$,9 800 km,Hybrid
93,Toyota Prius Prime Limited,Toyota,2022,26900$,35 800 km,Petrol
94,Toyota Supra A91 Edition,Toyota,2021,61000$,10 200 km,Petrol
95,Toyota Yaris LE Hatchback,Toyota,2020,16500$,31 800 km,Hybrid
96,Toyota Highlander XLE Premium,Toyota,2019,47800$,27 500 km,Petrol
97,Toyota 4Runner SR5 Premium,Toyota,2018,36600$,38 200 km,Hybrid
98,Toyota Prado Kakadu,Toyota,2021,70000$,14 500 km,Petrol
99,Toyota Estima Hybrid G,Toyota,2018,29200$,33 600 km,Hybrid
100,Toyota Alphard Executive Lounge Exclusive,Toyota,2019,82600$,11 200 km,Petrol
101,Honda Fit I 1.3,Honda,2003,6900$,298 536 km,Petrol
102,Honda Stream I 1.7,Honda,2003,7500$,260 000 km,Petrol
103,Honda CR-V III 2.4,Honda,2008,12200$,182 100,Petrol
104,Honda Civic VIII Hybrid 1.3,Honda,2008,7500$,100 000 km,Hybrid
105,Honda Stepwgn II Restyling 2.0,Honda,2003,13000$,170 000 km,Petrol
106,Honda Jazz II 1.3,Honda,2009,8000$,200 000 km,Petrol
106,Honda Jazz II 1.3,Honda,2009,8000$,200 000 km,Petrol
107,Honda Accord,Honda,2010,14000$,150 000 km,Petrol
108,Honda Civic,Honda,2012,12500$,120 000 km,Petrol
109,Honda Fit,Honda,2015,11000$,80 000 km,Petrol
110,Honda Jazz,Honda,2016,10500$,70 000 km,Petrol
111,Honda CR-V,Honda,2018,18000$,50 000 km,Petrol
112,Honda Odyssey,Honda,2014,20000$,90 000 km,Petrol
113,Honda Stepwgn,Honda,2017,22000$,60 000 km,Petrol
114,Honda Accord,Honda,2012,13000$,110 000 km,Petrol
115,Honda Civic,Honda,2014,11500$,95 000 km,Petrol
116,Honda Fit,Honda,2017,12000$,85 000 km,Petrol
117,Honda Jazz,Honda,2018,12500$,75 000 km,Petrol
118,Honda CR-V,Honda,2020,23000$,35 000 km,Petrol
119,Honda Odyssey,Honda,2016,18000$,80 000 km,Petrol
120,Honda Stepwgn,Honda,2019,25000$,50 000 km,Petrol
121,Honda Accord,Honda,2015,16000$,70 000 km,Petrol
122,Honda Civic,Honda,2017,14000$,60 000 km,Petrol
123,Honda Fit,Honda,2019,15000$,50 000 km,Petrol
124,Honda Jazz,Honda,2020,15500$,45 000 km,Petrol
125,Honda CR-V,Honda,2022,28000$,25 000 km,Petrol
126,Honda Odyssey,Honda,2018,21000$,60 000 km,Petrol
127,Honda Stepwgn,Honda,2021,30000$,40 000 km,Petrol
128,Honda Accord,Honda,2018,20000$,55 000 km,Petrol
129,Honda Civic,Honda,2020,18000$,48 000 km,Petrol
130,Honda Fit,Honda,2021,17000$,42 000 km,Petrol
131,Honda Jazz,Honda,2022,17500$,38 000 km,Petrol
132,Honda CR-V,Honda,2019,24000$,55 000 km,Petrol
133,Honda Odyssey,Honda,2020,26000$,40 000 km,Petrol
134,Honda Stepwgn,Honda,2022,32000$,35 000 km,Petrol
135,Honda Accord,Honda,2019,19000$,60 000 km,Petrol
136,Honda Civic,Honda,2021,17000$,53 000 km,Petrol
137,Honda Fit,Honda,2020,16000$,48 000 km,Petrol
138,Honda Jazz,Honda,2021,16500$,45 000 km,Petrol
139,Honda CR-V,Honda,2017,22000$,70 000 km,Petrol
140,Honda Odyssey,Honda,2021,28000$,35 000 km,Petrol
141,Honda Stepwgn,Honda,2019,32000$,30 000 km,Petrol
142,Honda Accord,Honda,2020,21000$,55 000 km,Petrol
143,Honda Civic,Honda,2019,19000$,50 000 km,Petrol
144,Honda Fit,Honda,2022,18000$,45 000 km,Petrol
145,Honda Jazz,Honda,2020,18500$,40 000 km,Petrol
146,Honda CR-V,Honda,2016,18000$,80 000 km,Petrol
147,Honda Odyssey,Honda,2022,30000$,30 000 km,Petrol
148,Honda Stepwgn,Honda,2020,35000$,25 000 km,Petrol
149,Honda Accord,Honda,2021,24000$,50 000 km,Petrol
150,Honda Civic,Honda,2022,22000$,45 000 km,Petrol
151,Honda Fit,Honda,2018,16000$,60 000 km,Petrol
152,Honda Jazz,Honda,2017,16500$,55 000 km,Petrol
153,Honda CR-V,Honda,2021,27000$,40 000 km,Petrol
154,Honda Odyssey,Honda,2017,22000$,70 000 km,Petrol
155,Honda Stepwgn,Honda,2018,25000$,60 000 km,Petrol
156,Honda Accord,Honda,2016,18000$,80 000 km,Petrol
157,Honda Civic,Honda,2018,17000$,75 000 km,Petrol
158,Honda Fit,Honda,2016,14000$,90 000 km,Petrol
159,Honda Jazz,Honda,2015,14500$,85 000 km,Petrol
160,Honda CR-V,Honda,2015,22000$,70 000 km,Petrol
161,Honda Odyssey,Honda,2015,25000$,60 000 km,Petrol
162,Honda Stepwgn,Honda,2016,28000$,55 000 km,Petrol
163,Honda Accord,Honda,2014,16000$,90 000 km,Petrol
164,Honda Civic,Honda,2016,15000$,85 000 km,Petrol
165,Honda Fit,Honda,2014,13000$,198 500 km,Petrol
166,Honda Jazz,Honda,2015,13700$,178 900 km,Petrol
167,Honda CR-V,Honda,2014,15200$,185 300 km,Petrol
168,Honda Odyssey,Honda,2014,16800$,167 400 km,Petrol
169,Honda Stepwgn,Honda,2015,18700$,156 800 km,Petrol
170,Honda Accord,Honda,2013,13500$,194 600 km,Petrol
171,Honda Civic,Honda,2015,14200$,182 500 km,Petrol
172,Honda Fit,Honda,2013,11800$,205 700 km,Petrol
173,Honda Jazz,Honda,2014,12500$,198 300 km,Petrol
174,Honda CR-V,Honda,2013,14600$,175 900 km,Petrol
175,Honda Odyssey,Honda,2013,15800$,163 200 km,Petrol
176,Honda Stepwgn,Honda,2014,17000$,149 800 km,Petrol
177,Honda Accord,Honda,2012,12700$,201 400 km,Petrol
178,Honda Civic,Honda,2014,13500$,187 600 km,Petrol
179,Honda Fit,Honda,2012,11200$,218 500 km,Petrol
180,Honda Jazz,Honda,2013,11800$,208 700 km,Petrol
181,Honda CR-V,Honda,2012,13700$,195 800 km,Petrol
182,Honda Odyssey,Honda,2012,14500$,172 300 km,Petrol
183,Honda Stepwgn,Honda,2013,15800$,159 400 km,Petrol
184,Honda Accord,Honda,2011,12200$,214 500 km,Petrol
185,Honda Civic,Honda,2013,13000$,192 400 km,Petrol
186,Honda Fit,Honda,2011,10800$,225 600 km,Petrol
187,Honda Jazz,Honda,2012,11500$,213 700 km,Petrol
188,Honda CR-V,Honda,2011,13200$,201 500 km,Petrol
189,Honda Odyssey,Honda,2011,14000$,185 200 km,Petrol
190,Honda Stepwgn,Honda,2012,15200$,171 800 km,Petrol
191,Honda Accord,Honda,2010,11700$,227 400 km,Petrol
192,Honda Civic,Honda,2012,12500$,208 600 km,Petrol
193,Honda Fit,Honda,2010,10200$,238 500 km,Petrol
194,Honda Jazz,Honda,2011,10800$,226 700 km,Petrol
195,Honda CR-V,Honda,2010,12700$,213 500 km,Petrol
196,Honda Odyssey,Honda,2010,13500$,198 200 km,Petrol
197,Honda Stepwgn,Honda,2011,14700$,182 800 km,Petrol
198,Honda Accord,Honda,2009,11200$,241 400 km,Petrol
199,Honda Civic,Honda,2011,12000$,221 600 km,Petrol
200,Honda Fit,Honda,2009,9800$,252 500 km,Petrol
201,Mercedes-Benz S-–ö–ª–∞—Å—Å W222,Mercedes-Benz,2015,35300$,124 124 km,Petrol
202,Mercedes-Benz E-–ö–ª–∞—Å—Å W211,Mercedes-Benz,2008,19000$,177 027 km,Petrol
203,Mercedes-Benz M-–ö–ª–∞—Å—Å W166,Mercedes-Benz,2012,40000$,312 500 km,Petrol
204,Mercedes-Benz E-–ö–ª–∞—Å—Å W212,Mercedes-Benz,2012,13000$,188 000 km,Petrol
205,Mercedes-Benz S-–ö–ª–∞—Å—Å W220,Mercedes-Benz,2003,10900$,269 000 km,Petrol
206,Mercedes-Benz E-–ö–ª–∞—Å—Å W210,Mercedes-Benz,2001,8900$,285 000 km,Petrol
207,Mercedes-Benz E-–ö–ª–∞—Å—Å W210,Mercedes-Benz,2000,7500$,305 000 km,Diesel
208,Mercedes-Benz C-–ö–ª–∞—Å—Å W205,Mercedes-Benz,2015,25000$,110 000 km,Petrol
209,Mercedes-Benz G-–ö–ª–∞—Å—Å W463,Mercedes-Benz,2019,200000$,40 000 km,Petrol
210,Mercedes-Benz A-–ö–ª–∞—Å—Å W177,Mercedes-Benz,2020,30000$,34 000 km,Petrol
211,Mercedes-Benz B-–ö–ª–∞—Å—Å W246,Mercedes-Benz,2014,18000$,132 000 km,Petrol
212,Mercedes-Benz CLA-–ö–ª–∞—Å—Å C117,Mercedes-Benz,2016,55000$,86 000 km,Petrol
213,Mercedes-Benz GLA-–ö–ª–∞—Å—Å X156,Mercedes-Benz,2017,58000$,54 000 km,Petrol
214,Mercedes-Benz GLB-–ö–ª–∞—Å—Å X247,Mercedes-Benz,2021,75000$,32 000 km,Petrol
215,Mercedes-Benz GLC-–ö–ª–∞—Å—Å X253,Mercedes-Benz,2018,65000$,134 000 km,Petrol
216,Mercedes-Benz GLE-–ö–ª–∞—Å—Å W166,Mercedes-Benz,2016,80000$,134 000 km,Petrol
217,Mercedes-Benz GLS-–ö–ª–∞—Å—Å X167,Mercedes-Benz,2020,55000$,32 000 km,Petrol
218,Mercedes-Benz S-–ö–ª–∞—Å—Å W223,Mercedes-Benz,2022,200000$,15 000 km,Petrol
219,Mercedes-Benz E-–ö–ª–∞—Å—Å W213,Mercedes-Benz,2019,95000$,89 000 km,Petrol
220,Mercedes-Benz C-–ö–ª–∞—Å—Å W206,Mercedes-Benz,2021,85000$,64 000 km,Petrol
221,Mercedes-Benz V-–ö–ª–∞—Å—Å W447,Mercedes-Benz,2017,67000$,111 000 km,Diesel
222,Mercedes-Benz Sprinter W906,Mercedes-Benz,2020,60000$,80 000 km,Diesel
223,Mercedes-Benz EQC,Mercedes-Benz,2020,90000$,30 000 km,Electric
224,Mercedes-Benz SLS AMG,Mercedes-Benz,2012,120000$,32 000 km,Petrol
225,Mercedes-Benz SLR McLaren,Mercedes-Benz,2005,300000$,11 000 km,Petrol
226,Mercedes-Benz G63 AMG,Mercedes-Benz,2015,140000$,64 000 km,Petrol
227,Mercedes-Benz CLS-–ö–ª–∞—Å—Å C257,Mercedes-Benz,2019,63000$,68 000 km,Petrol
228,Mercedes-Benz GLE Coupe C292,Mercedes-Benz,2017,73000$,95 000 km,Petrol
229,Mercedes-Benz GLC Coupe C253,Mercedes-Benz,2018,60000$,55 000 km,Petrol
230,Mercedes-Benz GLS Coupe X167,Mercedes-Benz,2021,75000$,67 000 km,Petrol
231,Mercedes-Benz GLE-–ö–ª–∞—Å—Å W167,Mercedes-Benz,2021,60000$,45 000 km,Petrol
232,Mercedes-Benz GLC-–ö–ª–∞—Å—Å X253,Mercedes-Benz,2020,75000$,57 000 km,Petrol
233,Mercedes-Benz S-–ö–ª–∞—Å—Å W223,Mercedes-Benz,2022,195000$,24 000 km,Petrol
234,Mercedes-Benz E-–ö–ª–∞—Å—Å W213,Mercedes-Benz,2019,57000$,74 000 km,Petrol
235,Mercedes-Benz C-–ö–ª–∞—Å—Å W206,Mercedes-Benz,2021,75000$,57 000 km,Petrol
236,Mercedes-Benz V-–ö–ª–∞—Å—Å W447,Mercedes-Benz,2017,30000$,75 000 km,Diesel
237,Mercedes-Benz Sprinter W906,Mercedes-Benz,2020,60000$,23 000 km,Diesel
238,Mercedes-Benz EQC,Mercedes-Benz,2020,960000$,32 000 km,Electric
239,Mercedes-Benz SLS AMG,Mercedes-Benz,2012,120000$,35 000 km,Petrol
240,Mercedes-Benz SLR McLaren,Mercedes-Benz,2005,320000$,12 000 km,Petrol
241,Mercedes-Benz G63 AMG,Mercedes-Benz,2015,140000$,80 000 km,Petrol
242,Mercedes-Benz CLS-–ö–ª–∞—Å—Å C257,Mercedes-Benz,2019,55000$,34 000 km,Petrol
243,Mercedes-Benz GLE Coupe C292,Mercedes-Benz,2017,65000$,86 000 km,Petrol
244,Mercedes-Benz GLC Coupe C253,Mercedes-Benz,2018,50000$,53 000 km,Petrol
245,Mercedes-Benz GLS Coupe X167,Mercedes-Benz,2021,75000$,84 000 km,Petrol
246,Mercedes-Benz GLE-–ö–ª–∞—Å—Å W167,Mercedes-Benz,2021,85000$,63 000 km,Petrol
247,Mercedes-Benz GLC-–ö–ª–∞—Å—Å X253,Mercedes-Benz,2020,40000$,76 000 km,Petrol
248,Mercedes-Benz S-–ö–ª–∞—Å—Å W223,Mercedes-Benz,2022,90000$,84 000 km,Petrol
249,Mercedes-Benz E-–ö–ª–∞—Å—Å W213,Mercedes-Benz,2019,45000$,72 000 km,Petrol
250,Mercedes-Benz C-–ö–ª–∞—Å—Å W206,Mercedes-Benz,2021,35000$,26 000 km,Petrol
251,Mercedes-Benz V-–ö–ª–∞—Å—Å W447,Mercedes-Benz,2017,30000$,72 000 km,Diesel
252,Mercedes-Benz Sprinter W906,Mercedes-Benz,2020,40000$,48 000 km,Diesel
253,Mercedes-Benz EQC,Mercedes-Benz,2020,85000$,17 000 km,Electric
254,Mercedes-Benz S-–ö–ª–∞—Å—Å W220,Mercedes-Benz,2003,10900$,269 000 km,Petrol
255,Mercedes-Benz E-–ö–ª–∞—Å—Å W210,Mercedes-Benz,2001,8900$,285 000 km,Petrol
256,Mercedes-Benz E-–ö–ª–∞—Å—Å W210,Mercedes-Benz,2000,7500$,305 000 km,Diesel
257,Mercedes-Benz G-–ö–ª–∞—Å—Å W463,Mercedes-Benz,2015,60000$,75 000 km,Petrol
258,Mercedes-Benz G-–ö–ª–∞—Å—Å W463,Mercedes-Benz,2014,58000$,90 000 km,Petrol
259,Mercedes-Benz GLC Coupe C253,Mercedes-Benz,2018,65000$,64 000 km,Petrol
260,Mercedes-Benz GLS Coupe X167,Mercedes-Benz,2021,75000$,33 000 km,Petrol
261,Mercedes-Benz E-–ö–ª–∞—Å—Å W213,Mercedes-Benz,2022,52000$,20 000 km,Petrol
262,Mercedes-Benz C-–ö–ª–∞—Å—Å W205,Mercedes-Benz,2019,40000$,40 000 km,Petrol
263,Mercedes-Benz S-–ö–ª–∞—Å—Å W222,Mercedes-Benz,2019,65000$,30 000 km,Petrol
264,Mercedes-Benz G-–ö–ª–∞—Å—Å W463,Mercedes-Benz,2020,230000$,10 000 km,Petrol
265,Mercedes-Benz E-–ö–ª–∞—Å—Å W212,Mercedes-Benz,2018,35000$,50 000 km,Petrol
266,Mercedes-Benz C-–ö–ª–∞—Å—Å W204,Mercedes-Benz,2017,25000$,60 000 km,Petrol
267,Mercedes-Benz S-–ö–ª–∞—Å—Å W220,Mercedes-Benz,2008,25000$,120 000 km,Petrol
268,Mercedes-Benz G-–ö–ª–∞—Å—Å W463,Mercedes-Benz,2018,90000$,20 000 km,Petrol
269,Mercedes-Benz E-–ö–ª–∞—Å—Å W213,Mercedes-Benz,2021,48000$,30 000 km,Petrol
270,Mercedes-Benz C-–ö–ª–∞—Å—Å W205,Mercedes-Benz,2018,35000$,40 000 km,Petrol
271,Mercedes-Benz S-–ö–ª–∞—Å—Å W222,Mercedes-Benz,2017,60000$,50 000 km,Petrol
272,Mercedes-Benz G-–ö–ª–∞—Å—Å W463,Mercedes-Benz,2016,80000$,70 000 km,Petrol
273,Mercedes-Benz E-–ö–ª–∞—Å—Å W212,Mercedes-Benz,2015,40000$,80 000 km,Petrol
274,Mercedes-Benz C-–ö–ª–∞—Å—Å W204,Mercedes-Benz,2014,30000$,90 000 km,Petrol
275,Mercedes-Benz S-–ö–ª–∞—Å—Å W220,Mercedes-Benz,2006,20000$,140 000 km,Petrol
276,Mercedes-Benz G-–ö–ª–∞—Å—Å W463,Mercedes-Benz,2013,75000$,100 000 km,Petrol
277,Mercedes-Benz E-–ö–ª–∞—Å—Å W213,Mercedes-Benz,2020,50000$,40 000 km,Petrol
278,Mercedes-Benz C-–ö–ª–∞—Å—Å W205,Mercedes-Benz,2019,38000$,50 000 km,Petrol
279,Mercedes-Benz S-–ö–ª–∞—Å—Å W222,Mercedes-Benz,2018,70000$,60 000 km,Petrol
280,Mercedes-Benz G-–ö–ª–∞—Å—Å W463,Mercedes-Benz,2017,90000$,80 000 km,Petrol
281,Mercedes-Benz E-–ö–ª–∞—Å—Å W212,Mercedes-Benz,2016,45000$,100 000 km,Petrol
282,Mercedes-Benz C-–ö–ª–∞—Å—Å W204,Mercedes-Benz,2015,35000$,110 000 km,Petrol
283,Mercedes-Benz S-–ö–ª–∞—Å—Å W220,Mercedes-Benz,2007,25000$,150 000 km,Petrol
284,Mercedes-Benz G-–ö–ª–∞—Å—Å W463,Mercedes-Benz,2014,80000$,120 000 km,Petrol
285,Mercedes-Benz E-–ö–ª–∞—Å—Å W213,Mercedes-Benz,2022,55000$,20 000 km,Petrol
286,Mercedes-Benz C-–ö–ª–∞—Å—Å W205,Mercedes-Benz,2020,42000$,30 000 km,Petrol
287,Mercedes-Benz S-–ö–ª–∞—Å—Å W222,Mercedes-Benz,2019,75000$,40 000 km,Petrol
288,Mercedes-Benz G-–ö–ª–∞—Å—Å W463,Mercedes-Benz,2021,220000$,10 000 km,Petrol
289,Mercedes-Benz E-–ö–ª–∞—Å—Å W212,Mercedes-Benz,2019,50000$,50 000 km,Petrol
290,Mercedes-Benz C-–ö–ª–∞—Å—Å W204,Mercedes-Benz,2018,38000$,60 000 km,Petrol
291,Mercedes-Benz S-–ö–ª–∞—Å—Å W220,Mercedes-Benz,2009,20000$,130 000 km,Petrol
292,Mercedes-Benz G-–ö–ª–∞—Å—Å W463,Mercedes-Benz,2015,89000$,90 000 km,Petrol
293,Mercedes-Benz E-–ö–ª–∞—Å—Å W213,Mercedes-Benz,2021,60000$,30 000 km,Petrol
294,Mercedes-Benz C-–ö–ª–∞—Å—Å W205,Mercedes-Benz,2020,45000$,40 000 km,Petrol
295,Mercedes-Benz S-–ö–ª–∞—Å—Å W222,Mercedes-Benz,2020,80000$,50 000 km,Petrol
296,Mercedes-Benz G-–ö–ª–∞—Å—Å W463,Mercedes-Benz,2019,180000$,70 000 km,Petrol
297,Mercedes-Benz E-–ö–ª–∞—Å—Å W212,Mercedes-Benz,2015,55000$,80 000 km,Petrol
298,Mercedes-Benz C-–ö–ª–∞—Å—Å W204,Mercedes-Benz,2016,40000$,90 000 km,Petrol
299,Mercedes-Benz S-–ö–ª–∞—Å—Å W220,Mercedes-Benz,2008,25000$,140 000 km,Petrol
300,Mercedes-Benz G-–ö–ª–∞—Å—Å W463,Mercedes-Benz,2016,95000$,100 000 km,Petrol
301,Lexus GX 470,Lexus,2007,26500$,180 000 km,Petrol
302,Lexus LX 570 Superior,Lexus,2017,85000$,57 000 km,Petrol
303,Lexus LX 570 F Sport,Lexus,2014,56000$,130 00 km,Petrol
304,Lexus ES 300 h,Lexus,2021,42000$,27 000 km,Hybrid
305,Lexus LX 570,Lexus,2013,55000$,110 000 km,Petrol
306,Lexus RX 450 h,Lexus,2021,61000$,17 000 km,Hybrid
307,Lexus RX 350,Lexus,2017,33000$,120 000 km,Petrol
308,Lexus ES 300h,Lexus,2023,60000$,26 000 km,Hybrid
309,Lexus GX 460,Lexus,2022,80000$,20 000 km,Petrol
310,Lexus RX 350,Lexus,2007,13500$,180 000 km,Petrol
311,Lexus NX 300h,Lexus,2019,48000$,45 000 km,Hybrid
312,Lexus RX 350,Lexus,2016,28000$,90 000 km,Petrol
313,Lexus LS 500h,Lexus,2020,90000$,30 000 km,Hybrid
314,Lexus RC 350,Lexus,2015,35000$,70 000 km,Petrol
315,Lexus UX 250h,Lexus,2022,42000$,20 000 km,Hybrid
316,Lexus IS 300,Lexus,2018,32000$,60 000 km,Petrol
317,Lexus RX 450h,Lexus,2015,40000$,80 000 km,Hybrid
318,Lexus ES 350,Lexus,2019,45000$,50 000 km,Petrol
319,Lexus NX 300,Lexus,2017,30000$,70 000 km,Petrol
320,Lexus GX 460,Lexus,2019,55000$,40 000 km,Petrol
321,Lexus RX 350,Lexus,2015,25000$,100 000 km,Petrol
322,Lexus RC F,Lexus,2016,48000$,45 000 km,Petrol
323,Lexus IS 250,Lexus,2014,20000$,120 000 km,Petrol
324,Lexus LX 570,Lexus,2018,95000$,30 000 km,Petrol
325,Lexus LS 500,Lexus,2021,110000$,10 000 km,Petrol
326,Lexus RX 350,Lexus,2014,22000$,110 000 km,Petrol
327,Lexus GX 460,Lexus,2018,50000$,50 000 km,Petrol
328,Lexus NX 200t,Lexus,2016,28000$,80 000 km,Petrol
329,Lexus ES 350,Lexus,2018,38000$,60 000 km,Petrol
330,Lexus RC 200t,Lexus,2017,30000$,70 000 km,Petrol
331,Lexus IS 300h,Lexus,2015,32000$,90 000 km,Hybrid
332,Lexus LS 460,Lexus,2013,40000$,100 000 km,Petrol
333,Lexus LX 570,Lexus,2020,105000$,20 000 km,Petrol
334,Lexus RX 350,Lexus,2013,20000$,130 000 km,Petrol
335,Lexus GX 460,Lexus,2017,45000$,70 000 km,Petrol
336,Lexus NX 300,Lexus,2015,30000$,100 000 km,Petrol
337,Lexus ES 300h,Lexus,2016,35000$,80 000 km,Hybrid
338,Lexus RC 350,Lexus,2014,28000$,90 000 km,Petrol
339,Lexus IS 250,Lexus,2012,18000$,120 000 km,Petrol
340,Lexus LS 500h,Lexus,2022,120000$,10 000 km,Hybrid
341,Lexus RX 450h,Lexus,2016,38000$,70 000 km,Hybrid
342,Lexus GX 460,Lexus,2015,40000$,90 000 km,Petrol
343,Lexus NX 200t,Lexus,2014,25000$,110 000 km,Petrol
344,Lexus ES 350,Lexus,2017,32000$,80 000 km,Petrol
345,Lexus RC F,Lexus,2015,50000$,50 000 km,Petrol
346,Lexus IS 300,Lexus,2013,22000$,100 000 km,Petrol
347,Lexus LX 570,Lexus,2019,100000$,40 000 km,Petrol
348,Lexus RX 350,Lexus,2012,18000$,130 000 km,Petrol
349,Lexus GX 460,Lexus,2016,38000$,80 000 km,Petrol
350,Lexus NX 300,Lexus,2014,27000$,120 000 km,Petrol
351,Lexus ES 300h,Lexus,2015,33000$,90 000 km,Hybrid
352,Lexus RC 350,Lexus,2013,25000$,110 000 km,Petrol
353,Lexus IS 250,Lexus,2011,16000$,130 000 km,Petrol
354,Lexus LS 500h,Lexus,2021,130000$,10 000 km,Hybrid
355,Lexus RX 450h,Lexus,2015,42000$,60 000 km,Hybrid
356,Lexus GX 460,Lexus,2014,35000$,100 000 km,Petrol
357,Lexus NX 200t,Lexus,2013,20000$,140 000 km,Petrol
358,Lexus ES 350,Lexus,2016,28000$,100 000 km,Petrol
359,Lexus RC 200t,Lexus,2015,22000$,120 000 km,Petrol
360,Lexus IS 300h,Lexus,2014,26000$,110 000 km,Hybrid
361,Lexus LX 570,Lexus,2018,99000$,35 000 km,Petrol
362,Lexus RX 350,Lexus,2011,15000$,150 000 km,Petrol
363,Lexus GX 460,Lexus,2013,30000$,110 000 km,Petrol
364,Lexus NX 300,Lexus,2012,18000$,130 000 km,Petrol
365,Lexus ES 300h,Lexus,2013,25000$,120 000 km,Hybrid
366,Lexus RC 350,Lexus,2011,20000$,140 000 km,Petrol
367,Lexus IS 250,Lexus,2010,14000$,160 000 km,Petrol
368,Lexus LS 500h,Lexus,2020,140000$,15 000 km,Hybrid
369,Lexus RX 450h,Lexus,2014,38000$,80 000 km,Hybrid
370,Lexus GX 460,Lexus,2012,27000$,120 000 km,Petrol
371,Lexus NX 200t,Lexus,2011,16000$,140 000 km,Petrol
372,Lexus ES 350,Lexus,2015,30000$,100 000 km,Petrol
373,Lexus RC 200t,Lexus,2014,25000$,110 000 km,Petrol
374,Lexus IS 300h,Lexus,2012,22000$,130 000 km,Hybrid
375,Lexus LX 570,Lexus,2017,105000$,25 000 km,Petrol
376,Lexus RX 350,Lexus,2010,12000$,160 000 km,Petrol
377,Lexus GX 460,Lexus,2011,22000$,130 000 km,Petrol
378,Lexus NX 300,Lexus,2010,16000$,150 000 km,Petrol
379,Lexus ES 300h,Lexus,2012,24000$,130 000 km,Hybrid
380,Lexus RC 350,Lexus,2010,18000$,140 000 km,Petrol
381,Lexus IS 250,Lexus,2009,12000$,170 000 km,Petrol
382,Lexus LS 500h,Lexus,2019,150000$,20 000 km,Hybrid
383,Lexus RX 450h,Lexus,2013,42000$,70 000 km,Hybrid
384,Lexus GX 460,Lexus,2010,25000$,140 000 km,Petrol
385,Lexus NX 200t,Lexus,2009,14000$,160 000 km,Petrol
386,Lexus ES 350,Lexus,2014,28000$,110 000 km,Petrol
387,Lexus RC 200t,Lexus,2013,23000$,120 000 km,Petrol
388,Lexus IS 300h,Lexus,2011,24000$,130 000 km,Hybrid
389,Lexus LX 570,Lexus,2016,100000$,30 000 km,Petrol
390,Lexus RX 350,Lexus,2009,10000$,170 000 km,Petrol
391,Lexus GX 460,Lexus,2008,18000$,150 000 km,Petrol
392,Lexus NX 300,Lexus,2013,22000$,140 000 km,Petrol
393,Lexus ES 300h,Lexus,2011,27000$,120 000 km,Hybrid
394,Lexus RC 350,Lexus,2009,20000$,160 000 km,Petrol
395,Lexus IS 250,Lexus,2007,10000$,180 000 km,Petrol
396,Lexus LS 500h,Lexus,2018,160000$,25 000 km,Hybrid
397,Lexus RX 450h,Lexus,2012,38000$,80 000 km,Hybrid
398,Lexus GX 460,Lexus,2009,22000$,140 000 km,Petrol
399,Lexus NX 200t,Lexus,2012,18000$,150 000 km,Petrol
400,Lexus ES 350,Lexus,2013,26000$,100 000 km,Petrol
401,BMW 7 series 730d,BMW,2020,68000$ 95 000 km,Diesel
402,BMW 535i,BMW,2014,28000$,90 000 km,Petrol
403,BMW X7 M50i,BMW,2020,95000$,100 000 km,Petrol
404,BMW X5 35i,BMW,2015,26500$,220 000 km,Petrol
405,BMW X5 G05 40i,BMW,2019,68000$,30 000 km, Petrol
406,BMW 740i,BMW,2022,137000$,7 000 km,Petrol
407,BMW 540i X Drive,BMW,2019,46500$,30 000 km,Petrol
408,BMW 760Li X drive V 12,BMW,2018,73000$,40 000 km,Petrol
409,BMW 530i X Drive G30,BMW,2017,28000$,160 000 km,Petrol
410,BMW 730 LD,BMW,2017,41000$,130 000 km,Diesel
411,BMW M5 Competition,BMW,2021,115000$,15 000 km,Petrol
412,BMW X3 M40i,BMW,2019,55000$,50 000 km,Petrol
413,BMW 330i M Sport,BMW,2018,38000$,70 000 km,Petrol
414,BMW X6 M50d,BMW,2016,65000$,80 000 km,Diesel
415,BMW 520d,BMW,2019,40000$,60 000 km,Diesel
416,BMW M850i xDrive,BMW,2020,120000$,20 000 km,Petrol
417,BMW X4 M Competition,BMW,2021,95000$,10 000 km,Petrol
418,BMW 430i Convertible,BMW,2017,45000$,40 000 km,Petrol
419,BMW X1 sDrive20i,BMW,2018,30000$,90 000 km,Petrol
420,BMW 118i,BMW,2015,20000$,80 000 km,Petrol
421,BMW M3 Competition,BMW,2019,85000$,30 000 km,Petrol
422,BMW X2 sDrive20i,BMW,2020,35000$,40 000 km,Petrol
423,BMW 220d Gran Coupe,BMW,2021,42000$,20 000 km,Diesel
424,BMW M4 Convertible,BMW,2016,70000$,50 000 km,Petrol
425,BMW 320i Touring,BMW,2018,35000$,70 000 km,Petrol
426,BMW X5 M50d,BMW,2017,75000$,60 000 km,Diesel
427,BMW 730d,BMW,2016,46000$,90 000 km,Diesel
428,BMW X6 M,BMW,2022,140000$,5 000 km,Petrol
429,BMW 330e Plug-in Hybrid,BMW,2020,50000$,30 000 km,Hybrid
430,BMW X3 xDrive30i,BMW,2019,45000$,50 000 km,Petrol
431,BMW 125i,BMW,2017,28000$,60 000 km,Petrol
432,BMW M2 Competition,BMW,2018,70000$,20 000 km,Petrol
433,BMW X7 xDrive40i,BMW,2021,105000$,15 000 km,Petrol
434,BMW 520d Touring,BMW,2015,32000$,90 000 km,Diesel
435,BMW 218i Gran Coupe,BMW,2020,30000$,40 000 km,Petrol
436,BMW X5 xDrive40d,BMW,2016,48000$,70 000 km,Diesel
437,BMW 530e Plug-in Hybrid,BMW,2018,55000$,40 000 km,Hybrid
438,BMW X1 xDrive25i,BMW,2017,35000$,60 000 km,Petrol
439,BMW M235i,BMW,2016,38000$,50 000 km,Petrol
440,BMW i3,BMW,2017,25000$,70 000 km,Electric
441,BMW X5 xDrive45e,BMW,2020,68000$,30 000 km,Hybrid
442,BMW 330i,BMW,2019,40000$,50 000 km,Petrol
443,BMW X6 xDrive35i,BMW,2015,45000$,80 000 km,Petrol
444,BMW 520i,BMW,2018,35000$,60 000 km,Petrol
445,BMW 335d,BMW,2017,42000$,40 000 km,Diesel
446,BMW M4,BMW,2016,70000$,30 000 km,Petrol
447,BMW X3 xDrive20d,BMW,2019,42000$,40 000 km,Diesel
448,BMW 640i Gran Coupe,BMW,2018,55000$,50 000 km,Petrol
449,BMW X4 xDrive30d,BMW,2017,48000$,60 000 km,Diesel
450,BMW 330e,BMW,2020,50000$,20 000 km,Hybrid
451,BMW 740Le xDrive,BMW,2021,90000$,15 000 km,Hybrid
452,BMW M6 Gran Coupe,BMW,2016,80000$,40 000 km,Petrol
453,BMW X5 xDrive50i,BMW,2018,75000$,30 000 km,Petrol
454,BMW 530d Touring,BMW,2019,48000$,40 000 km,Diesel
455,BMW i8,BMW,2017,90000$,20 000 km,Hybrid
456,BMW X2 sDrive18i,BMW,2020,32000$,30 000 km,Petrol
457,BMW 125d,BMW,2016,30000$,60 000 km,Diesel
458,BMW 220i,BMW,2019,35000$,40 000 km,Petrol
459,BMW X3 M,BMW,2021,85000$,10 000 km,Petrol
460,BMW 318d Touring,BMW,2018,30000$,50 000 km,Diesel
461,BMW X1 sDrive18d,BMW,2017,28000$,60 000 km,Diesel
462,BMW M4 CS,BMW,2018,95000$,25 000 km,Petrol
463,BMW 225xe Active Tourer,BMW,2020,38000$,20 000 km,Hybrid
464,BMW 420d Gran Coupe,BMW,2016,38000$,50 000 km,Diesel
465,BMW X4 xDrive35i,BMW,2017,45000$,40 000 km,Petrol
466,BMW 320d xDrive,BMW,2019,42000$,30 000 km,Diesel
467,BMW 118d,BMW,2018,25000$,70 000 km,Diesel
468,BMW X6 M50d,BMW,2021,120000$,5 000 km,Diesel
469,BMW M3,BMW,2017,80000$,30 000 km,Petrol
470,BMW X5 M,BMW,2022,140000$,10 000 km,Petrol
471,BMW 330d Touring,BMW,2015,32000$,80 000 km,Diesel
472,BMW i3s,BMW,2019,35000$,40 000 km,Electric
473,BMW 116i,BMW,2016,20000$,90 000 km,Petrol
474,BMW 520d xDrive,BMW,2018,40000$,60 000 km,Diesel
475,BMW X7 xDrive30d,BMW,2020,90000$,20 000 km,Diesel
476,BMW M2,BMW,2018,60000$,25 000 km,Petrol
477,BMW X1 sDrive20d,BMW,2019,38000$,40 000 km,Diesel
478,BMW 320i,BMW,2017,30000$,50 000 km,Petrol
479,BMW 220d,BMW,2018,32000$,45 000 km,Diesel
480,BMW X3 xDrive30i,BMW,2020,45000$,30 000 km,Petrol
481,BMW 125i Convertible,BMW,2015,28000$,60 000 km,Petrol
482,BMW 730i,BMW,2019,60000$,35 000 km,Petrol
483,BMW 318i Touring,BMW,2016,25000$,70 000 km,Petrol
484,BMW 530d xDrive,BMW,2017,48000$,40 000 km,Diesel
485,BMW X4 xDrive20d,BMW,2018,42000$,45 000 km,Diesel
486,BMW 640d Gran Coupe,BMW,2015,55000$,50 000 km,Diesel
487,BMW X6 xDrive40d,BMW,2016,58000$,35 000 km,Diesel
488,BMW M4 Convertible,BMW,2017,90000$,20 000 km,Petrol
489,BMW X2 sDrive18d,BMW,2019,32000$,35 000 km,Diesel
490,BMW 125d Hatchback,BMW,2016,30000$,50 000 km,Diesel
491,BMW 220i Convertible,BMW,2017,35000$,40 000 km,Petrol
492,BMW X3 M Competition,BMW,2021,85000$,15 000 km,Petrol
493,BMW 330e Plug-in Hybrid,BMW,2018,50000$,30 000 km,Hybrid
494,BMW 420i Gran Coupe,BMW,2016,38000$,45 000 km,Petrol
495,BMW X4 M40i,BMW,2019,60000$,20 000 km,Petrol
496,BMW 520d Touring,BMW,2017,40000$,50 000 km,Diesel
497,BMW X5 xDrive30d,BMW,2018,65000$,25 000 km,Diesel
498,BMW 330i xDrive,BMW,2019,45000$,40 000 km,Petrol
499,BMW X1 sDrive18i,BMW,2016,25000$,60 000 km,Petrol
500,BMW 318d,BMW,2018,32000$,40 000 km,Diesel
501,BMW 320d Gran Turismo,BMW,2017,35000$,50 000 km,Diesel
502,BMW X6 M50i,BMW,2021,120000$,10 000 km,Petrol
503,BMW M5,BMW,2019,100000$,15 000 km,Petrol
504,BMW X3 xDrive20d,BMW,2016,38000$,40 000 km,Diesel
505,BMW 330i Touring,BMW,2018,42000$,30 000 km,Petrol
506,BMW X4 xDrive30i,BMW,2017,48000$,35 000 km,Petrol
507,BMW 118d Hatchback,BMW,2015,20000$,70 000 km,Diesel
508,BMW 220d Gran Tourer,BMW,2018,32000$,45 000 km,Diesel
509,BMW X5 xDrive50i,BMW,2020,110000$,20 000 km,Petrol
510,BMW M3 Competition,BMW,2021,120000$,10 000 km,Petrol
511,Hyundai Avante,Hyundai,2018,12500$,60 000 km,Petrol
512,Hyundai Staria,Hyundai,2024,75000$,2 000 km,LPG
513,Hyundai Santa-fe,Hyundai,2017,21000$,80 000 km,Diesel
514,Hyundai Palisade,Hyundai,2020,33500$,54 000 km,Petrol
515,Hyundai Sonata,Hyundai,2017,16500$,55 000 km,LPG
516,Hyundai Palisade,Hyundai,2019,34500$,83 000 km,Petrol
517,Hyundai Sonata DN8,Hyundai,2019,18500$,58 400 km,Petrol
518,Hyundai Solaris,Hyundai,2011,6500$,220 000 km,Petrol
519,Hyundai Elantra,Hyundai,2024,15800$,0 017 km,Petrol
520,Hyundai Sonata,Hyundai,2024,31000$,0 018 km,Petrol
521,Hyundai Kona,Hyundai,2018,19000$,45 000 km,Petrol
522,Hyundai Tucson,Hyundai,2016,15000$,70 000 km,Petrol
523,Hyundai i30,Hyundai,2017,13500$,60 000 km,Petrol
524,Hyundai Santa Cruz,Hyundai,2022,28000$,20 000 km,Petrol
525,Hyundai Accent,Hyundai,2015,9000$,80 000 km,Petrol
526,Hyundai Venue,Hyundai,2020,17000$,30 000 km,Petrol
527,Hyundai Veloster,Hyundai,2019,19500$,40 000 km,Petrol
528,Hyundai Grandeur,Hyundai,2018,23000$,50 000 km,Petrol
529,Hyundai Creta,Hyundai,2019,18000$,35 000 km,Petrol
530,Hyundai Ioniq Electric,Hyundai,2023,32000$,10 000 km,Electric
531,Hyundai Sonata,Hyundai,2016,15500$,70 000 km,Petrol
532,Hyundai Nexo,Hyundai,2021,65000$,5 000 km,Hydrogen
533,Hyundai Elantra GT,Hyundai,2017,14000$,65 000 km,Petrol
534,Hyundai Starex,Hyundai,2015,25000$,90 000 km,Diesel
535,Hyundai Verna,Hyundai,2018,12000$,55 000 km,Petrol
536,Hyundai Encino,Hyundai,2019,17500$,40 000 km,Petrol
537,Hyundai ix25,Hyundai,2014,11000$,100 000 km,Petrol
538,Hyundai Genesis,Hyundai,2016,27000$,70 000 km,Petrol
539,Hyundai Azera,Hyundai,2017,22000$,60 000 km,Petrol
540,Hyundai Kona Electric,Hyundai,2020,38000$,15 000 km,Electric
541,Hyundai i20,Hyundai,2019,12500$,50 000 km,Petrol
542,Hyundai Palisade,Hyundai,2021,36000$,25 000 km,Petrol
543,Hyundai Mistra,Hyundai,2018,15000$,60 000 km,Petrol
544,Hyundai Veracruz,Hyundai,2014,18000$,90 000 km,Petrol
545,Hyundai Sonata Hybrid,Hyundai,2017,19500$,45 000 km,Hybrid
546,Hyundai Avante AD,Hyundai,2016,13000$,70 000 km,Petrol
547,Hyundai Ioniq Hybrid,Hyundai,2022,26000$,10 000 km,Hybrid
548,Hyundai ix35,Hyundai,2015,14000$,80 000 km,Petrol
549,Hyundai Grand i10,Hyundai,2017,9500$,70 000 km,Petrol
550,Hyundai Palisade,Hyundai,2022,38000$,20 000 km,Petrol
551,Hyundai Elantra N,Hyundai,2023,32000$,5 000 km,Petrol
552,Hyundai Sonata N Line,Hyundai,2021,35000$,15 000 km,Petrol
553,Hyundai Atos,Hyundai,2020,11000$,25 000 km,Petrol
554,Hyundai Santa Fe Hybrid,Hyundai,2023,42000$,10 000 km,Hybrid
555,Hyundai Azera,Hyundai,2019,24000$,40 000 km,Petrol
556,Hyundai i10,Hyundai,2018,9000$,60 000 km,Petrol
557,Hyundai H-1,Hyundai,2017,22000$,80 000 km,Diesel
558,Hyundai Creta,Hyundai,2016,14000$,70 000 km,Petrol
559,Hyundai i40,Hyundai,2015,13000$,75 000 km,Petrol
560,Hyundai Santro,Hyundai,2018,8500$,55 000 km,Petrol
561,Hyundai Veloster N,Hyundai,2022,38000$,5 000 km,Petrol
562,Hyundai Accent Blue,Hyundai,2017,9500$,70 000 km,Petrol
563,Hyundai H-100,Hyundai,2016,18000$,90 000 km,Diesel
564,Hyundai ix20,Hyundai,2014,11000$,80 000 km,Petrol
565,Hyundai Veloster Turbo,Hyundai,2018,22000$,40 000 km,Petrol
566,Hyundai Ioniq Plug-in Hybrid,Hyundai,2020,32000$,20 000 km,Hybrid
567,Hyundai Sonata Plug-in Hybrid,Hyundai,2019,35000$,25 000 km,Hybrid
568,Hyundai Elantra GT N Line,Hyundai,2021,28000$,15 000 km,Petrol
569,Hyundai Tucson Hybrid,Hyundai,2022,40000$,10 000 km,Hybrid
570,Hyundai Santro Xing,Hyundai,2015,9000$,70 000 km,Petrol
571,Hyundai Kona N,Hyundai,2023,37000$,5 000 km,Petrol
572,Hyundai Getz,Hyundai,2012,7000$,100 000 km,Petrol
573,Hyundai Atos Prime,Hyundai,2009,5000$,120 000 km,Petrol
574,Hyundai Veloster N,Hyundai,2022,39000$,5 000 km,Petrol
575,Hyundai Sonata PHEV,Hyundai,2018,33000$,30 000 km,Hybrid
576,Hyundai Excel,Hyundai,1998,3000$,200 000 km,Petrol
577,Hyundai Scoupe,Hyundai,1995,2500$,180 000 km,Petrol
578,Hyundai Veracruz,Hyundai,2012,11000$,100 000 km,Petrol
579,Hyundai Kona Electric,Hyundai,2019,35000$,20 000 km,Electric
580,Hyundai Genesis Coupe,Hyundai,2014,19000$,90 000 km,Petrol
581,Hyundai ix55,Hyundai,2010,15000$,120 000 km,Diesel
582,Hyundai Lantra,Hyundai,1999,4000$,150 000 km,Petrol
583,Hyundai Centennial,Hyundai,2008,10000$,150 000 km,Petrol
584,Hyundai Scoupe Turbo,Hyundai,1997,6000$,120 000 km,Petrol
585,Hyundai ix45,Hyundai,2013,16000$,90 000 km,Diesel
586,Hyundai Terracan,Hyundai,2005,8000$,160 000 km,Diesel
587,Hyundai Pony,Hyundai,1990,3000$,200 000 km,Petrol
588,Hyundai i40 Tourer,Hyundai,2013,14000$,100 000 km,Diesel
589,Hyundai i800,Hyundai,2015,19000$,80 000 km,Diesel
590,Hyundai Entourage,Hyundai,2007,9000$,140 000 km,Petrol
591,Hyundai Lavita,Hyundai,2004,6000$,110 000 km,Petrol
592,Hyundai Tiburon,Hyundai,2006,7000$,130 000 km,Petrol
593,Hyundai Grand Starex,Hyundai,2009,12000$,150 000 km,Diesel
594,Hyundai Galloper,Hyundai,2002,5000$,180 000 km,Diesel
595,Hyundai i20 Active,Hyundai,2016,13000$,80 000 km,Petrol
596,Hyundai HB20,Hyundai,2017,10000$,70 000 km,Petrol
597,Hyundai Santro Xing,Hyundai,2013,8000$,90 000 km,Petrol
598,Hyundai ix25,Hyundai,2016,14000$,70 000 km,Petrol
599,Hyundai Sonata,Hyundai,2005,6000$,140 000 km,Petrol
600,Hyundai Coupe,Hyundai,2008,8000$,100 000 km,Petrol