Unnamed: 0,name,company,year,Price,kms_driven,fuel_type
0,Toyota Camry 55,Toyota,2015,15800,150000,Hybrid
1,Toyota Land Cruiser,Toyota,2015,47000,145000,Petrol
2,Toyota Camry 70,Toyota,2019,20500,180246,Petrol
3,Toyota Highlander IV,Toyota,2019,45300,108000,Hybrid
4,Toyota Crown XVI,Toyota,2023,51500,7750,Hybrid
5,Toyota Sequoia I,Toyota,2004,23500,167000,Petrol
6,Toyota RAV4 V,Toyota,2021,37500,56000,Hybrid
7,Toyota Avalon,Toyota,2019,30000,27000,Hybrid
8,Toyota Crown,Toyota,2020,35500,57750,Petrol
9,Toyota Sequoia,Toyota,2022,98500,12000,Petrol
10,Toyota Camry 55,Toyota,2016,19800,130000,Hybrid
11,Toyota Land Cruiser,Toyota,2022,107000,45000,Petrol
12,Toyota Camry 70,Toyota,2021,26500,80246,Hybrid
13,Toyota Land Cruiser,Toyota,2010,27000,245000,Petrol
14,Toyota Camry 75,Toyota,2023,30500,60246,Hybrid
15,Toyota Highlander,Toyota,2023,49300,52000,Hybrid
16,Toyota Crown XVI,Toyota,2023,58500,17750,Hybrid
17,Toyota Sequoia I,Toyota,2003,22500,200000,Petrol
18,Toyota RAV4 V,Toyota,2021,37500,56000,Hybrid
19,Toyota Avalon,Toyota,2019,30000,27000,Hybrid
20,Toyota Crown,Toyota,2023,60500,5750,Hybrid
21,Toyota Sequoia I,Toyota,2000,18500,260000,Petrol
22,Toyota RAV4,Toyota,2019,28500,100000,Hybrid
23,Toyota Avalon,Toyota,2022,31000,50000,Hybrid
24,Toyota Highlander IV,Toyota,2012,48300,75000,Petrol
25,Toyota Crown,Toyota,2020,45500,45750,Petrol
26,Toyota Camry 40,Toyota,2012,12300,250000,Petrol
27,Toyota RAV4,Toyota,2018,26500,86000,Hybrid
28,Toyota Avalon,Toyota,2021,31100,42000,Hybrid
29,Toyota Crown XVI,Toyota,2020,45500,47750,Hybrid
30,Toyota Sequoia,Toyota,2019,56500,80000,Petrol
31,Toyota RAV4,Toyota,2021,39500,60000,Hybrid
32,Toyota Avalon,Toyota,2019,31000,29000,Hybrid
33,Toyota Highlander IV,Toyota,2012,45500,100000,Hybrid
34,Toyota Crown XVI,Toyota,2023,49500,17750,Hybrid
35,Toyota Highlander,Toyota,2021,40000,90000,Petrol
36,Toyota Crown,Toyota,2023,51500,7750,Petrol
37,Toyota Sequoia,Toyota,2020,75500,25000,Hybrid
38,Toyota RAV4 V,Toyota,2021,39500,48000,Petrol
39,Toyota Avalon,Toyota,2019,30000,27000,Hybrid
40,Toyota Crown XVI,Toyota,2023,55500,4750,Hybrid
41,Toyota Sequoia,Toyota,2018,48500,40000,Petrol
42,Toyota RAV4,Toyota,2022,42500,23000,Hybrid
43,Toyota Avalon,Toyota,2021,35000,46000,Petrol
44,Toyota Grand Highlander,Toyota,2024,85300,5000,Hybrid
45,Toyota Crown,Toyota,2023,54500,8750,Hybrid
46,Toyota Camry 50,Toyota,2014,14800,180000,Petrol
47,Toyota Land Cruiser,Toyota,2023,105000,15000,Petrol
48,Toyota Camry 75,Toyota,2010,25500,180246,Petrol
49,Toyota Land Cruiser,Toyota,2014,41000,150000,Petrol
50,Toyota Camry 75,Toyota,2020,28250,25600,Petrol
51,Toyota Corolla 50,Toyota,2022,23600,18500,Hybrid
52,Toyota Avalon XLE,Toyota,2023,38750,12200,Petrol
53,Toyota Crown 55,Toyota,2021,50750,8300,Hybrid
54,Toyota Prius Prime,Toyota,2021,25900,30400,Petrol
55,Toyota Supra GR,Toyota,2020,55700,10100,Petrol
56,Toyota Yaris LE,Toyota,2022,18500,20800,Hybrid
57,Toyota Highlander XSE,Toyota,2021,42800,15700,Petrol
58,Toyota 4Runner TRD,Toyota,2019,38200,35900,Hybrid
59,Toyota Prado VX,Toyota,2022,66200,10500,Petrol
60,Toyota Estima Hybrid,Toyota,2020,30200,28300,Hybrid
61,Toyota Alphard Executive,Toyota,2023,80600,5200,Petrol
62,Toyota Camry 70,Toyota,2018,25200,45600,Hybrid
63,Toyota Corolla 60,Toyota,2020,20200,22400,Hybrid
64,Toyota Avalon Limited,Toyota,2021,42700,15900,Petrol
65,Toyota Crown Hybrid,Toyota,2022,55750,12100,Hybrid
66,Toyota Prius L,Toyota,2019,21800,35200,Petrol
67,Toyota Supra 3.0,Toyota,2020,60200,8200,Petrol
68,Toyota Yaris Hatchback,Toyota,2021,19500,25300,Hybrid
69,Toyota Highlander Limited,Toyota,2022,48400,18400,Petrol
70,Toyota 4Runner Limited,Toyota,2021,45600,20500,Hybrid
71,Toyota Prado TXL,Toyota,2020,62800,12200,Petrol
72,Toyota Estima Aeras,Toyota,2019,28200,32500,Hybrid
73,Toyota Alphard Vellfire,Toyota,2020,71200,8300,Petrol
74,Toyota Camry 65,Toyota,2017,20200,55100,Hybrid
75,Toyota Corolla 55,Toyota,2018,18200,28700,Hybrid
76,Toyota Avalon Touring,Toyota,2020,38700,20200,Petrol
77,Toyota Crown Athlete,Toyota,2021,52500,10800,Hybrid
78,Toyota Prius XLE,Toyota,2019,25600,40200,Petrol
79,Toyota Supra 2.0,Toyota,2021,55700,10100,Petrol
80,Toyota Yaris Sedan,Toyota,2020,17200,30800,Hybrid
81,Toyota Highlander XLE,Toyota,2018,45700,25500,Petrol
82,Toyota 4Runner SR5,Toyota,2017,35600,35200,Hybrid
83,Toyota Prado GXL,Toyota,2019,61200,15200,Petrol
84,Toyota Estima Hybrid,Toyota,2022,32500,22600,Hybrid
85,Toyota Alphard Executive,Toyota,2018,75200,10400,Petrol
86,Toyota Camry 60,Toyota,2016,18200,60200,Hybrid
87,Toyota Corolla 45,Toyota,2017,16200,32700,Hybrid
88,Toyota Avalon XSE,Toyota,2022,42700,18200,Petrol
89,Toyota Camry 70,Toyota,2019,20500,65500,Hybrid
90,Toyota Corolla 60,Toyota,2021,19800,23700,Hybrid
91,Toyota Avalon Limited,Toyota,2020,39700,21400,Petrol
92,Toyota Crown Majesta,Toyota,2023,75000,9800,Hybrid
93,Toyota Prius Prime,Toyota,2022,26900,35800,Petrol
94,Toyota Supra A91,Toyota,2021,61000,10200,Petrol
95,Toyota Yaris LE,Toyota,2020,16500,31800,Hybrid
96,Toyota Highlander XLE,Toyota,2019,47800,27500,Petrol
97,Toyota 4Runner SR5,Toyota,2018,36600,38200,Hybrid
98,Toyota Prado Kakadu,Toyota,2021,70000,14500,Petrol
99,Toyota Estima Hybrid,Toyota,2018,29200,33600,Hybrid
100,Toyota Alphard Executive,Toyota,2019,82600,11200,Petrol
101,Honda Fit I,Honda,2003,6900,298536,Petrol
102,Honda Stream I,Honda,2003,7500,260000,Petrol
103,Honda CR-V III,Honda,2008,12200,182100,Petrol
104,Honda Civic VIII,Honda,2008,7500,100000,Hybrid
105,Honda Stepwgn II,Honda,2003,13000,170000,Petrol
106,Honda Jazz II,Honda,2009,8000,200000,Petrol
106,Honda Jazz II,Honda,2009,8000,200000,Petrol
107,Honda Accord,Honda,2010,14000,150000,Petrol
108,Honda Civic,Honda,2012,12500,120000,Petrol
109,Honda Fit,Honda,2015,11000,80000,Petrol
110,Honda Jazz,Honda,2016,10500,70000,Petrol
111,Honda CR-V,Honda,2018,18000,50000,Petrol
112,Honda Odyssey,Honda,2014,20000,90000,Petrol
113,Honda Stepwgn,Honda,2017,22000,60000,Petrol
114,Honda Accord,Honda,2012,13000,110000,Petrol
115,Honda Civic,Honda,2014,11500,95000,Petrol
116,Honda Fit,Honda,2017,12000,85000,Petrol
117,Honda Jazz,Honda,2018,12500,75000,Petrol
118,Honda CR-V,Honda,2020,23000,35000,Petrol
119,Honda Odyssey,Honda,2016,18000,80000,Petrol
120,Honda Stepwgn,Honda,2019,25000,50000,Petrol
121,Honda Accord,Honda,2015,16000,70000,Petrol
122,Honda Civic,Honda,2017,14000,60000,Petrol
123,Honda Fit,Honda,2019,15000,50000,Petrol
124,Honda Jazz,Honda,2020,15500,45000,Petrol
125,Honda CR-V,Honda,2022,28000,25000,Petrol
126,Honda Odyssey,Honda,2018,21000,60000,Petrol
127,Honda Stepwgn,Honda,2021,30000,40000,Petrol
128,Honda Accord,Honda,2018,20000,55000,Petrol
129,Honda Civic,Honda,2020,18000,48000,Petrol
130,Honda Fit,Honda,2021,17000,42000,Petrol
131,Honda Jazz,Honda,2022,17500,38000,Petrol
132,Honda CR-V,Honda,2019,24000,55000,Petrol
133,Honda Odyssey,Honda,2020,26000,40000,Petrol
134,Honda Stepwgn,Honda,2022,32000,35000,Petrol
135,Honda Accord,Honda,2019,19000,60000,Petrol
136,Honda Civic,Honda,2021,17000,53000,Petrol
137,Honda Fit,Honda,2020,16000,48000,Petrol
138,Honda Jazz,Honda,2021,16500,45000,Petrol
139,Honda CR-V,Honda,2017,22000,70000,Petrol
140,Honda Odyssey,Honda,2021,28000,35000,Petrol
141,Honda Stepwgn,Honda,2019,32000,30000,Petrol
142,Honda Accord,Honda,2020,21000,55000,Petrol
143,Honda Civic,Honda,2019,19000,50000,Petrol
144,Honda Fit,Honda,2022,18000,45000,Petrol
145,Honda Jazz,Honda,2020,18500,40000,Petrol
146,Honda CR-V,Honda,2016,18000,80000,Petrol
147,Honda Odyssey,Honda,2022,30000,30000,Petrol
148,Honda Stepwgn,Honda,2020,35000,25000,Petrol
149,Honda Accord,Honda,2021,24000,50000,Petrol
150,Honda Civic,Honda,2022,22000,45000,Petrol
151,Honda Fit,Honda,2018,16000,60000,Petrol
152,Honda Jazz,Honda,2017,16500,55000,Petrol
153,Honda CR-V,Honda,2021,27000,40000,Petrol
154,Honda Odyssey,Honda,2017,22000,70000,Petrol
155,Honda Stepwgn,Honda,2018,25000,60000,Petrol
156,Honda Accord,Honda,2016,18000,80000,Petrol
157,Honda Civic,Honda,2018,17000,75000,Petrol
158,Honda Fit,Honda,2016,14000,90000,Petrol
159,Honda Jazz,Honda,2015,14500,85000,Petrol
160,Honda CR-V,Honda,2015,22000,70000,Petrol
161,Honda Odyssey,Honda,2015,25000,60000,Petrol
162,Honda Stepwgn,Honda,2016,28000,55000,Petrol
163,Honda Accord,Honda,2014,16000,90000,Petrol
164,Honda Civic,Honda,2016,15000,85000,Petrol
165,Honda Fit,Honda,2014,13000,198500,Petrol
166,Honda Jazz,Honda,2015,13700,178900,Petrol
167,Honda CR-V,Honda,2014,15200,185300,Petrol
168,Honda Odyssey,Honda,2014,16800,167400,Petrol
169,Honda Stepwgn,Honda,2015,18700,156800,Petrol
170,Honda Accord,Honda,2013,13500,194600,Petrol
171,Honda Civic,Honda,2015,14200,182500,Petrol
172,Honda Fit,Honda,2013,11800,205700,Petrol
173,Honda Jazz,Honda,2014,12500,198300,Petrol
174,Honda CR-V,Honda,2013,14600,175900,Petrol
175,Honda Odyssey,Honda,2013,15800,163200,Petrol
176,Honda Stepwgn,Honda,2014,17000,149800,Petrol
177,Honda Accord,Honda,2012,12700,201400,Petrol
178,Honda Civic,Honda,2014,13500,187600,Petrol
179,Honda Fit,Honda,2012,11200,218500,Petrol
180,Honda Jazz,Honda,2013,11800,208700,Petrol
181,Honda CR-V,Honda,2012,13700,195800,Petrol
182,Honda Odyssey,Honda,2012,14500,172300,Petrol
183,Honda Stepwgn,Honda,2013,15800,159400,Petrol
184,Honda Accord,Honda,2011,12200,214500,Petrol
185,Honda Civic,Honda,2013,13000,192400,Petrol
186,Honda Fit,Honda,2011,10800,225600,Petrol
187,Honda Jazz,Honda,2012,11500,213700,Petrol
188,Honda CR-V,Honda,2011,13200,201500,Petrol
189,Honda Odyssey,Honda,2011,14000,185200,Petrol
190,Honda Stepwgn,Honda,2012,15200,171800,Petrol
191,Honda Accord,Honda,2010,11700,227400,Petrol
192,Honda Civic,Honda,2012,12500,208600,Petrol
193,Honda Fit,Honda,2010,10200,238500,Petrol
194,Honda Jazz,Honda,2011,10800,226700,Petrol
195,Honda CR-V,Honda,2010,12700,213500,Petrol
196,Honda Odyssey,Honda,2010,13500,198200,Petrol
197,Honda Stepwgn,Honda,2011,14700,182800,Petrol
198,Honda Accord,Honda,2009,11200,241400,Petrol
199,Honda Civic,Honda,2011,12000,221600,Petrol
200,Honda Fit,Honda,2009,9800,252500,Petrol
201,Mercedes-Benz S-Класс W222,Mercedes-Benz,2015,35300,124124,Petrol
202,Mercedes-Benz E-Класс W211,Mercedes-Benz,2008,19000,177027,Petrol
203,Mercedes-Benz M-Класс W166,Mercedes-Benz,2012,40000,312500,Petrol
204,Mercedes-Benz E-Класс W212,Mercedes-Benz,2012,13000,188000,Petrol
205,Mercedes-Benz S-Класс W220,Mercedes-Benz,2003,10900,269000,Petrol
206,Mercedes-Benz E-Класс W210,Mercedes-Benz,2001,8900,285000,Petrol
207,Mercedes-Benz E-Класс W210,Mercedes-Benz,2000,7500,305000,Diesel
208,Mercedes-Benz C-Класс W205,Mercedes-Benz,2015,25000,110000,Petrol
209,Mercedes-Benz G-Класс W463,Mercedes-Benz,2019,200000,40000,Petrol
210,Mercedes-Benz A-Класс W177,Mercedes-Benz,2020,30000,34000,Petrol
211,Mercedes-Benz B-Класс W246,Mercedes-Benz,2014,18000,132000,Petrol
212,Mercedes-Benz CLA-Класс C117,Mercedes-Benz,2016,55000,86000,Petrol
213,Mercedes-Benz GLA-Класс X156,Mercedes-Benz,2017,58000,54000,Petrol
214,Mercedes-Benz GLB-Класс X247,Mercedes-Benz,2021,75000,32000,Petrol
215,Mercedes-Benz GLC-Класс X253,Mercedes-Benz,2018,65000,134000,Petrol
216,Mercedes-Benz GLE-Класс W166,Mercedes-Benz,2016,80000,134000,Petrol
217,Mercedes-Benz GLS-Класс X167,Mercedes-Benz,2020,55000,32000,Petrol
218,Mercedes-Benz S-Класс W223,Mercedes-Benz,2022,200000,15000,Petrol
219,Mercedes-Benz E-Класс W213,Mercedes-Benz,2019,95000,89000,Petrol
220,Mercedes-Benz C-Класс W206,Mercedes-Benz,2021,85000,64000,Petrol
221,Mercedes-Benz V-Класс W447,Mercedes-Benz,2017,67000,111000,Diesel
222,Mercedes-Benz Sprinter W906,Mercedes-Benz,2020,60000,80000,Diesel
223,Mercedes-Benz EQC,Mercedes-Benz,2020,90000,30000,Electric
224,Mercedes-Benz SLS AMG,Mercedes-Benz,2012,120000,32000,Petrol
225,Mercedes-Benz SLR McLaren,Mercedes-Benz,2005,300000,11000,Petrol
226,Mercedes-Benz G63 AMG,Mercedes-Benz,2015,140000,64000,Petrol
227,Mercedes-Benz CLS-Класс C257,Mercedes-Benz,2019,63000,68000,Petrol
228,Mercedes-Benz GLE Coupe,Mercedes-Benz,2017,73000,95000,Petrol
229,Mercedes-Benz GLC Coupe,Mercedes-Benz,2018,60000,55000,Petrol
230,Mercedes-Benz GLS Coupe,Mercedes-Benz,2021,75000,67000,Petrol
231,Mercedes-Benz GLE-Класс W167,Mercedes-Benz,2021,60000,45000,Petrol
232,Mercedes-Benz GLC-Класс X253,Mercedes-Benz,2020,75000,57000,Petrol
233,Mercedes-Benz S-Класс W223,Mercedes-Benz,2022,195000,24000,Petrol
234,Mercedes-Benz E-Класс W213,Mercedes-Benz,2019,57000,74000,Petrol
235,Mercedes-Benz C-Класс W206,Mercedes-Benz,2021,75000,57000,Petrol
236,Mercedes-Benz V-Класс W447,Mercedes-Benz,2017,30000,75000,Diesel
237,Mercedes-Benz Sprinter W906,Mercedes-Benz,2020,60000,23000,Diesel
238,Mercedes-Benz EQC,Mercedes-Benz,2020,960000,32000,Electric
239,Mercedes-Benz SLS AMG,Mercedes-Benz,2012,120000,35000,Petrol
240,Mercedes-Benz SLR McLaren,Mercedes-Benz,2005,320000,12000,Petrol
241,Mercedes-Benz G63 AMG,Mercedes-Benz,2015,140000,80000,Petrol
242,Mercedes-Benz CLS-Класс C257,Mercedes-Benz,2019,55000,34000,Petrol
243,Mercedes-Benz GLE Coupe,Mercedes-Benz,2017,65000,86000,Petrol
244,Mercedes-Benz GLC Coupe,Mercedes-Benz,2018,50000,53000,Petrol
245,Mercedes-Benz GLS Coupe,Mercedes-Benz,2021,75000,84000,Petrol
246,Mercedes-Benz GLE-Класс W167,Mercedes-Benz,2021,85000,63000,Petrol
247,Mercedes-Benz GLC-Класс X253,Mercedes-Benz,2020,40000,76000,Petrol
248,Mercedes-Benz S-Класс W223,Mercedes-Benz,2022,90000,84000,Petrol
249,Mercedes-Benz E-Класс W213,Mercedes-Benz,2019,45000,72000,Petrol
250,Mercedes-Benz C-Класс W206,Mercedes-Benz,2021,35000,26000,Petrol
251,Mercedes-Benz V-Класс W447,Mercedes-Benz,2017,30000,72000,Diesel
252,Mercedes-Benz Sprinter W906,Mercedes-Benz,2020,40000,48000,Diesel
253,Mercedes-Benz EQC,Mercedes-Benz,2020,85000,17000,Electric
254,Mercedes-Benz S-Класс W220,Mercedes-Benz,2003,10900,269000,Petrol
255,Mercedes-Benz E-Класс W210,Mercedes-Benz,2001,8900,285000,Petrol
256,Mercedes-Benz E-Класс W210,Mercedes-Benz,2000,7500,305000,Diesel
257,Mercedes-Benz G-Класс W463,Mercedes-Benz,2015,60000,75000,Petrol
258,Mercedes-Benz G-Класс W463,Mercedes-Benz,2014,58000,90000,Petrol
259,Mercedes-Benz GLC Coupe,Mercedes-Benz,2018,65000,64000,Petrol
260,Mercedes-Benz GLS Coupe,Mercedes-Benz,2021,75000,33000,Petrol
261,Mercedes-Benz E-Класс W213,Mercedes-Benz,2022,52000,20000,Petrol
262,Mercedes-Benz C-Класс W205,Mercedes-Benz,2019,40000,40000,Petrol
263,Mercedes-Benz S-Класс W222,Mercedes-Benz,2019,65000,30000,Petrol
264,Mercedes-Benz G-Класс W463,Mercedes-Benz,2020,230000,10000,Petrol
265,Mercedes-Benz E-Класс W212,Mercedes-Benz,2018,35000,50000,Petrol
266,Mercedes-Benz C-Класс W204,Mercedes-Benz,2017,25000,60000,Petrol
267,Mercedes-Benz S-Класс W220,Mercedes-Benz,2008,25000,120000,Petrol
268,Mercedes-Benz G-Класс W463,Mercedes-Benz,2018,90000,20000,Petrol
269,Mercedes-Benz E-Класс W213,Mercedes-Benz,2021,48000,30000,Petrol
270,Mercedes-Benz C-Класс W205,Mercedes-Benz,2018,35000,40000,Petrol
271,Mercedes-Benz S-Класс W222,Mercedes-Benz,2017,60000,50000,Petrol
272,Mercedes-Benz G-Класс W463,Mercedes-Benz,2016,80000,70000,Petrol
273,Mercedes-Benz E-Класс W212,Mercedes-Benz,2015,40000,80000,Petrol
274,Mercedes-Benz C-Класс W204,Mercedes-Benz,2014,30000,90000,Petrol
275,Mercedes-Benz S-Класс W220,Mercedes-Benz,2006,20000,140000,Petrol
276,Mercedes-Benz G-Класс W463,Mercedes-Benz,2013,75000,100000,Petrol
277,Mercedes-Benz E-Класс W213,Mercedes-Benz,2020,50000,40000,Petrol
278,Mercedes-Benz C-Класс W205,Mercedes-Benz,2019,38000,50000,Petrol
279,Mercedes-Benz S-Класс W222,Mercedes-Benz,2018,70000,60000,Petrol
280,Mercedes-Benz G-Класс W463,Mercedes-Benz,2017,90000,80000,Petrol
281,Mercedes-Benz E-Класс W212,Mercedes-Benz,2016,45000,100000,Petrol
282,Mercedes-Benz C-Класс W204,Mercedes-Benz,2015,35000,110000,Petrol
283,Mercedes-Benz S-Класс W220,Mercedes-Benz,2007,25000,150000,Petrol
284,Mercedes-Benz G-Класс W463,Mercedes-Benz,2014,80000,120000,Petrol
285,Mercedes-Benz E-Класс W213,Mercedes-Benz,2022,55000,20000,Petrol
286,Mercedes-Benz C-Класс W205,Mercedes-Benz,2020,42000,30000,Petrol
287,Mercedes-Benz S-Класс W222,Mercedes-Benz,2019,75000,40000,Petrol
288,Mercedes-Benz G-Класс W463,Mercedes-Benz,2021,220000,10000,Petrol
289,Mercedes-Benz E-Класс W212,Mercedes-Benz,2019,50000,50000,Petrol
290,Mercedes-Benz C-Класс W204,Mercedes-Benz,2018,38000,60000,Petrol
291,Mercedes-Benz S-Класс W220,Mercedes-Benz,2009,20000,130000,Petrol
292,Mercedes-Benz G-Класс W463,Mercedes-Benz,2015,89000,90000,Petrol
293,Mercedes-Benz E-Класс W213,Mercedes-Benz,2021,60000,30000,Petrol
294,Mercedes-Benz C-Класс W205,Mercedes-Benz,2020,45000,40000,Petrol
295,Mercedes-Benz S-Класс W222,Mercedes-Benz,2020,80000,50000,Petrol
296,Mercedes-Benz G-Класс W463,Mercedes-Benz,2019,180000,70000,Petrol
297,Mercedes-Benz E-Класс W212,Mercedes-Benz,2015,55000,80000,Petrol
298,Mercedes-Benz C-Класс W204,Mercedes-Benz,2016,40000,90000,Petrol
299,Mercedes-Benz S-Класс W220,Mercedes-Benz,2008,25000,140000,Petrol
300,Mercedes-Benz G-Класс W463,Mercedes-Benz,2016,95000,100000,Petrol
301,Lexus GX 470,Lexus,2007,26500,180000,Petrol
302,Lexus LX 570,Lexus,2017,85000,57000,Petrol
303,Lexus LX 570,Lexus,2014,56000,13000,Petrol
304,Lexus ES 300,Lexus,2021,42000,27000,Hybrid
305,Lexus LX 570,Lexus,2013,55000,110000,Petrol
306,Lexus RX 450,Lexus,2021,61000,17000,Hybrid
307,Lexus RX 350,Lexus,2017,33000,120000,Petrol
308,Lexus ES 300h,Lexus,2023,60000,26000,Hybrid
309,Lexus GX 460,Lexus,2022,80000,20000,Petrol
310,Lexus RX 350,Lexus,2007,13500,180000,Petrol
311,Lexus NX 300h,Lexus,2019,48000,45000,Hybrid
312,Lexus RX 350,Lexus,2016,28000,90000,Petrol
313,Lexus LS 500h,Lexus,2020,90000,30000,Hybrid
314,Lexus RC 350,Lexus,2015,35000,70000,Petrol
315,Lexus UX 250h,Lexus,2022,42000,20000,Hybrid
316,Lexus IS 300,Lexus,2018,32000,60000,Petrol
317,Lexus RX 450h,Lexus,2015,40000,80000,Hybrid
318,Lexus ES 350,Lexus,2019,45000,50000,Petrol
319,Lexus NX 300,Lexus,2017,30000,70000,Petrol
320,Lexus GX 460,Lexus,2019,55000,40000,Petrol
321,Lexus RX 350,Lexus,2015,25000,100000,Petrol
322,Lexus RC F,Lexus,2016,48000,45000,Petrol
323,Lexus IS 250,Lexus,2014,20000,120000,Petrol
324,Lexus LX 570,Lexus,2018,95000,30000,Petrol
325,Lexus LS 500,Lexus,2021,110000,10000,Petrol
326,Lexus RX 350,Lexus,2014,22000,110000,Petrol
327,Lexus GX 460,Lexus,2018,50000,50000,Petrol
328,Lexus NX 200t,Lexus,2016,28000,80000,Petrol
329,Lexus ES 350,Lexus,2018,38000,60000,Petrol
330,Lexus RC 200t,Lexus,2017,30000,70000,Petrol
331,Lexus IS 300h,Lexus,2015,32000,90000,Hybrid
332,Lexus LS 460,Lexus,2013,40000,100000,Petrol
333,Lexus LX 570,Lexus,2020,105000,20000,Petrol
334,Lexus RX 350,Lexus,2013,20000,130000,Petrol
335,Lexus GX 460,Lexus,2017,45000,70000,Petrol
336,Lexus NX 300,Lexus,2015,30000,100000,Petrol
337,Lexus ES 300h,Lexus,2016,35000,80000,Hybrid
338,Lexus RC 350,Lexus,2014,28000,90000,Petrol
339,Lexus IS 250,Lexus,2012,18000,120000,Petrol
340,Lexus LS 500h,Lexus,2022,120000,10000,Hybrid
341,Lexus RX 450h,Lexus,2016,38000,70000,Hybrid
342,Lexus GX 460,Lexus,2015,40000,90000,Petrol
343,Lexus NX 200t,Lexus,2014,25000,110000,Petrol
344,Lexus ES 350,Lexus,2017,32000,80000,Petrol
345,Lexus RC F,Lexus,2015,50000,50000,Petrol
346,Lexus IS 300,Lexus,2013,22000,100000,Petrol
347,Lexus LX 570,Lexus,2019,100000,40000,Petrol
348,Lexus RX 350,Lexus,2012,18000,130000,Petrol
349,Lexus GX 460,Lexus,2016,38000,80000,Petrol
350,Lexus NX 300,Lexus,2014,27000,120000,Petrol
351,Lexus ES 300h,Lexus,2015,33000,90000,Hybrid
352,Lexus RC 350,Lexus,2013,25000,110000,Petrol
353,Lexus IS 250,Lexus,2011,16000,130000,Petrol
354,Lexus LS 500h,Lexus,2021,130000,10000,Hybrid
355,Lexus RX 450h,Lexus,2015,42000,60000,Hybrid
356,Lexus GX 460,Lexus,2014,35000,100000,Petrol
357,Lexus NX 200t,Lexus,2013,20000,140000,Petrol
358,Lexus ES 350,Lexus,2016,28000,100000,Petrol
359,Lexus RC 200t,Lexus,2015,22000,120000,Petrol
360,Lexus IS 300h,Lexus,2014,26000,110000,Hybrid
361,Lexus LX 570,Lexus,2018,99000,35000,Petrol
362,Lexus RX 350,Lexus,2011,15000,150000,Petrol
363,Lexus GX 460,Lexus,2013,30000,110000,Petrol
364,Lexus NX 300,Lexus,2012,18000,130000,Petrol
365,Lexus ES 300h,Lexus,2013,25000,120000,Hybrid
366,Lexus RC 350,Lexus,2011,20000,140000,Petrol
367,Lexus IS 250,Lexus,2010,14000,160000,Petrol
368,Lexus LS 500h,Lexus,2020,140000,15000,Hybrid
369,Lexus RX 450h,Lexus,2014,38000,80000,Hybrid
370,Lexus GX 460,Lexus,2012,27000,120000,Petrol
371,Lexus NX 200t,Lexus,2011,16000,140000,Petrol
372,Lexus ES 350,Lexus,2015,30000,100000,Petrol
373,Lexus RC 200t,Lexus,2014,25000,110000,Petrol
374,Lexus IS 300h,Lexus,2012,22000,130000,Hybrid
375,Lexus LX 570,Lexus,2017,105000,25000,Petrol
376,Lexus RX 350,Lexus,2010,12000,160000,Petrol
377,Lexus GX 460,Lexus,2011,22000,130000,Petrol
378,Lexus NX 300,Lexus,2010,16000,150000,Petrol
379,Lexus ES 300h,Lexus,2012,24000,130000,Hybrid
380,Lexus RC 350,Lexus,2010,18000,140000,Petrol
381,Lexus IS 250,Lexus,2009,12000,170000,Petrol
382,Lexus LS 500h,Lexus,2019,150000,20000,Hybrid
383,Lexus RX 450h,Lexus,2013,42000,70000,Hybrid
384,Lexus GX 460,Lexus,2010,25000,140000,Petrol
385,Lexus NX 200t,Lexus,2009,14000,160000,Petrol
386,Lexus ES 350,Lexus,2014,28000,110000,Petrol
387,Lexus RC 200t,Lexus,2013,23000,120000,Petrol
388,Lexus IS 300h,Lexus,2011,24000,130000,Hybrid
389,Lexus LX 570,Lexus,2016,100000,30000,Petrol
390,Lexus RX 350,Lexus,2009,10000,170000,Petrol
391,Lexus GX 460,Lexus,2008,18000,150000,Petrol
392,Lexus NX 300,Lexus,2013,22000,140000,Petrol
393,Lexus ES 300h,Lexus,2011,27000,120000,Hybrid
394,Lexus RC 350,Lexus,2009,20000,160000,Petrol
395,Lexus IS 250,Lexus,2007,10000,180000,Petrol
396,Lexus LS 500h,Lexus,2018,160000,25000,Hybrid
397,Lexus RX 450h,Lexus,2012,38000,80000,Hybrid
398,Lexus GX 460,Lexus,2009,22000,140000,Petrol
399,Lexus NX 200t,Lexus,2012,18000,150000,Petrol
400,Lexus ES 350,Lexus,2013,26000,100000,Petrol
402,BMW 535i,BMW,2014,28000,90000,Petrol
403,BMW X7 M50i,BMW,2020,95000,100000,Petrol
404,BMW X5 35i,BMW,2015,26500,220000,Petrol
405,BMW X5 G05,BMW,2019,68000,30000, Petrol
406,BMW 740i,BMW,2022,137000,7000,Petrol
407,BMW 540i X,BMW,2019,46500,30000,Petrol
408,BMW 760Li X,BMW,2018,73000,40000,Petrol
409,BMW 530i X,BMW,2017,28000,160000,Petrol
410,BMW 730 LD,BMW,2017,41000,130000,Diesel
411,BMW M5 Competition,BMW,2021,115000,15000,Petrol
412,BMW X3 M40i,BMW,2019,55000,50000,Petrol
413,BMW 330i M,BMW,2018,38000,70000,Petrol
414,BMW X6 M50d,BMW,2016,65000,80000,Diesel
415,BMW 520d,BMW,2019,40000,60000,Diesel
416,BMW M850i xDrive,BMW,2020,120000,20000,Petrol
417,BMW X4 M,BMW,2021,95000,10000,Petrol
418,BMW 430i Convertible,BMW,2017,45000,40000,Petrol
419,BMW X1 sDrive20i,BMW,2018,30000,90000,Petrol
420,BMW 118i,BMW,2015,20000,80000,Petrol
421,BMW M3 Competition,BMW,2019,85000,30000,Petrol
422,BMW X2 sDrive20i,BMW,2020,35000,40000,Petrol
423,BMW 220d Gran,BMW,2021,42000,20000,Diesel
424,BMW M4 Convertible,BMW,2016,70000,50000,Petrol
425,BMW 320i Touring,BMW,2018,35000,70000,Petrol
426,BMW X5 M50d,BMW,2017,75000,60000,Diesel
427,BMW 730d,BMW,2016,46000,90000,Diesel
428,BMW X6 M,BMW,2022,140000,5000,Petrol
429,BMW 330e Plug-in,BMW,2020,50000,30000,Hybrid
430,BMW X3 xDrive30i,BMW,2019,45000,50000,Petrol
431,BMW 125i,BMW,2017,28000,60000,Petrol
432,BMW M2 Competition,BMW,2018,70000,20000,Petrol
433,BMW X7 xDrive40i,BMW,2021,105000,15000,Petrol
434,BMW 520d Touring,BMW,2015,32000,90000,Diesel
435,BMW 218i Gran,BMW,2020,30000,40000,Petrol
436,BMW X5 xDrive40d,BMW,2016,48000,70000,Diesel
437,BMW 530e Plug-in,BMW,2018,55000,40000,Hybrid
438,BMW X1 xDrive25i,BMW,2017,35000,60000,Petrol
439,BMW M235i,BMW,2016,38000,50000,Petrol
440,BMW i3,BMW,2017,25000,70000,Electric
441,BMW X5 xDrive45e,BMW,2020,68000,30000,Hybrid
442,BMW 330i,BMW,2019,40000,50000,Petrol
443,BMW X6 xDrive35i,BMW,2015,45000,80000,Petrol
444,BMW 520i,BMW,2018,35000,60000,Petrol
445,BMW 335d,BMW,2017,42000,40000,Diesel
446,BMW M4,BMW,2016,70000,30000,Petrol
447,BMW X3 xDrive20d,BMW,2019,42000,40000,Diesel
448,BMW 640i Gran,BMW,2018,55000,50000,Petrol
449,BMW X4 xDrive30d,BMW,2017,48000,60000,Diesel
450,BMW 330e,BMW,2020,50000,20000,Hybrid
451,BMW 740Le xDrive,BMW,2021,90000,15000,Hybrid
452,BMW M6 Gran,BMW,2016,80000,40000,Petrol
453,BMW X5 xDrive50i,BMW,2018,75000,30000,Petrol
454,BMW 530d Touring,BMW,2019,48000,40000,Diesel
455,BMW i8,BMW,2017,90000,20000,Hybrid
456,BMW X2 sDrive18i,BMW,2020,32000,30000,Petrol
457,BMW 125d,BMW,2016,30000,60000,Diesel
458,BMW 220i,BMW,2019,35000,40000,Petrol
459,BMW X3 M,BMW,2021,85000,10000,Petrol
460,BMW 318d Touring,BMW,2018,30000,50000,Diesel
461,BMW X1 sDrive18d,BMW,2017,28000,60000,Diesel
462,BMW M4 CS,BMW,2018,95000,25000,Petrol
463,BMW 225xe Active,BMW,2020,38000,20000,Hybrid
464,BMW 420d Gran,BMW,2016,38000,50000,Diesel
465,BMW X4 xDrive35i,BMW,2017,45000,40000,Petrol
466,BMW 320d xDrive,BMW,2019,42000,30000,Diesel
467,BMW 118d,BMW,2018,25000,70000,Diesel
468,BMW X6 M50d,BMW,2021,120000,5000,Diesel
469,BMW M3,BMW,2017,80000,30000,Petrol
470,BMW X5 M,BMW,2022,140000,10000,Petrol
471,BMW 330d Touring,BMW,2015,32000,80000,Diesel
472,BMW i3s,BMW,2019,35000,40000,Electric
473,BMW 116i,BMW,2016,20000,90000,Petrol
474,BMW 520d xDrive,BMW,2018,40000,60000,Diesel
475,BMW X7 xDrive30d,BMW,2020,90000,20000,Diesel
476,BMW M2,BMW,2018,60000,25000,Petrol
477,BMW X1 sDrive20d,BMW,2019,38000,40000,Diesel
478,BMW 320i,BMW,2017,30000,50000,Petrol
479,BMW 220d,BMW,2018,32000,45000,Diesel
480,BMW X3 xDrive30i,BMW,2020,45000,30000,Petrol
481,BMW 125i Convertible,BMW,2015,28000,60000,Petrol
482,BMW 730i,BMW,2019,60000,35000,Petrol
483,BMW 318i Touring,BMW,2016,25000,70000,Petrol
484,BMW 530d xDrive,BMW,2017,48000,40000,Diesel
485,BMW X4 xDrive20d,BMW,2018,42000,45000,Diesel
486,BMW 640d Gran,BMW,2015,55000,50000,Diesel
487,BMW X6 xDrive40d,BMW,2016,58000,35000,Diesel
488,BMW M4 Convertible,BMW,2017,90000,20000,Petrol
489,BMW X2 sDrive18d,BMW,2019,32000,35000,Diesel
490,BMW 125d Hatchback,BMW,2016,30000,50000,Diesel
491,BMW 220i Convertible,BMW,2017,35000,40000,Petrol
492,BMW X3 M,BMW,2021,85000,15000,Petrol
493,BMW 330e Plug-in,BMW,2018,50000,30000,Hybrid
494,BMW 420i Gran,BMW,2016,38000,45000,Petrol
495,BMW X4 M40i,BMW,2019,60000,20000,Petrol
496,BMW 520d Touring,BMW,2017,40000,50000,Diesel
497,BMW X5 xDrive30d,BMW,2018,65000,25000,Diesel
498,BMW 330i xDrive,BMW,2019,45000,40000,Petrol
499,BMW X1 sDrive18i,BMW,2016,25000,60000,Petrol
500,BMW 318d,BMW,2018,32000,40000,Diesel
501,BMW 320d Gran,BMW,2017,35000,50000,Diesel
502,BMW X6 M50i,BMW,2021,120000,10000,Petrol
503,BMW M5,BMW,2019,100000,15000,Petrol
504,BMW X3 xDrive20d,BMW,2016,38000,40000,Diesel
505,BMW 330i Touring,BMW,2018,42000,30000,Petrol
506,BMW X4 xDrive30i,BMW,2017,48000,35000,Petrol
507,BMW 118d Hatchback,BMW,2015,20000,70000,Diesel
508,BMW 220d Gran,BMW,2018,32000,45000,Diesel
509,BMW X5 xDrive50i,BMW,2020,110000,20000,Petrol
510,BMW M3 Competition,BMW,2021,120000,10000,Petrol
511,Hyundai Avante,Hyundai,2018,12500,60000,Petrol
512,Hyundai Staria,Hyundai,2024,75000,2000,LPG
513,Hyundai Santa-fe,Hyundai,2017,21000,80000,Diesel
514,Hyundai Palisade,Hyundai,2020,33500,54000,Petrol
515,Hyundai Sonata,Hyundai,2017,16500,55000,LPG
516,Hyundai Palisade,Hyundai,2019,34500,83000,Petrol
517,Hyundai Sonata DN8,Hyundai,2019,18500,58400,Petrol
518,Hyundai Solaris,Hyundai,2011,6500,220000,Petrol
519,Hyundai Elantra,Hyundai,2024,15800,17,Petrol
520,Hyundai Sonata,Hyundai,2024,31000,18,Petrol
521,Hyundai Kona,Hyundai,2018,19000,45000,Petrol
522,Hyundai Tucson,Hyundai,2016,15000,70000,Petrol
523,Hyundai i30,Hyundai,2017,13500,60000,Petrol
524,Hyundai Santa Cruz,Hyundai,2022,28000,20000,Petrol
525,Hyundai Accent,Hyundai,2015,9000,80000,Petrol
526,Hyundai Venue,Hyundai,2020,17000,30000,Petrol
527,Hyundai Veloster,Hyundai,2019,19500,40000,Petrol
528,Hyundai Grandeur,Hyundai,2018,23000,50000,Petrol
529,Hyundai Creta,Hyundai,2019,18000,35000,Petrol
530,Hyundai Ioniq Electric,Hyundai,2023,32000,10000,Electric
531,Hyundai Sonata,Hyundai,2016,15500,70000,Petrol
532,Hyundai Nexo,Hyundai,2021,65000,5000,Hydrogen
533,Hyundai Elantra GT,Hyundai,2017,14000,65000,Petrol
534,Hyundai Starex,Hyundai,2015,25000,90000,Diesel
535,Hyundai Verna,Hyundai,2018,12000,55000,Petrol
536,Hyundai Encino,Hyundai,2019,17500,40000,Petrol
537,Hyundai ix25,Hyundai,2014,11000,100000,Petrol
538,Hyundai Genesis,Hyundai,2016,27000,70000,Petrol
539,Hyundai Azera,Hyundai,2017,22000,60000,Petrol
540,Hyundai Kona Electric,Hyundai,2020,38000,15000,Electric
541,Hyundai i20,Hyundai,2019,12500,50000,Petrol
542,Hyundai Palisade,Hyundai,2021,36000,25000,Petrol
543,Hyundai Mistra,Hyundai,2018,15000,60000,Petrol
544,Hyundai Veracruz,Hyundai,2014,18000,90000,Petrol
545,Hyundai Sonata Hybrid,Hyundai,2017,19500,45000,Hybrid
546,Hyundai Avante AD,Hyundai,2016,13000,70000,Petrol
547,Hyundai Ioniq Hybrid,Hyundai,2022,26000,10000,Hybrid
548,Hyundai ix35,Hyundai,2015,14000,80000,Petrol
549,Hyundai Grand i10,Hyundai,2017,9500,70000,Petrol
550,Hyundai Palisade,Hyundai,2022,38000,20000,Petrol
551,Hyundai Elantra N,Hyundai,2023,32000,5000,Petrol
552,Hyundai Sonata N,Hyundai,2021,35000,15000,Petrol
553,Hyundai Atos,Hyundai,2020,11000,25000,Petrol
554,Hyundai Santa Fe,Hyundai,2023,42000,10000,Hybrid
555,Hyundai Azera,Hyundai,2019,24000,40000,Petrol
556,Hyundai i10,Hyundai,2018,9000,60000,Petrol
557,Hyundai H-1,Hyundai,2017,22000,80000,Diesel
558,Hyundai Creta,Hyundai,2016,14000,70000,Petrol
559,Hyundai i40,Hyundai,2015,13000,75000,Petrol
560,Hyundai Santro,Hyundai,2018,8500,55000,Petrol
561,Hyundai Veloster N,Hyundai,2022,38000,5000,Petrol
562,Hyundai Accent Blue,Hyundai,2017,9500,70000,Petrol
563,Hyundai H-100,Hyundai,2016,18000,90000,Diesel
564,Hyundai ix20,Hyundai,2014,11000,80000,Petrol
565,Hyundai Veloster Turbo,Hyundai,2018,22000,40000,Petrol
566,Hyundai Ioniq Plug-in,Hyundai,2020,32000,20000,Hybrid
567,Hyundai Sonata Plug-in,Hyundai,2019,35000,25000,Hybrid
568,Hyundai Elantra GT,Hyundai,2021,28000,15000,Petrol
569,Hyundai Tucson Hybrid,Hyundai,2022,40000,10000,Hybrid
570,Hyundai Santro Xing,Hyundai,2015,9000,70000,Petrol
571,Hyundai Kona N,Hyundai,2023,37000,5000,Petrol
572,Hyundai Getz,Hyundai,2012,7000,100000,Petrol
573,Hyundai Atos Prime,Hyundai,2009,5000,120000,Petrol
574,Hyundai Veloster N,Hyundai,2022,39000,5000,Petrol
576,Hyundai Excel,Hyundai,1998,3000,200000,Petrol
577,Hyundai Scoupe,Hyundai,1995,2500,180000,Petrol
578,Hyundai Veracruz,Hyundai,2012,11000,100000,Petrol
579,Hyundai Kona Electric,Hyundai,2019,35000,20000,Electric
580,Hyundai Genesis Coupe,Hyundai,2014,19000,90000,Petrol
581,Hyundai ix55,Hyundai,2010,15000,120000,Diesel
582,Hyundai Lantra,Hyundai,1999,4000,150000,Petrol
583,Hyundai Centennial,Hyundai,2008,10000,150000,Petrol
584,Hyundai Scoupe Turbo,Hyundai,1997,6000,120000,Petrol
585,Hyundai ix45,Hyundai,2013,16000,90000,Diesel
586,Hyundai Terracan,Hyundai,2005,8000,160000,Diesel
587,Hyundai Pony,Hyundai,1990,3000,200000,Petrol
589,Hyundai i800,Hyundai,2015,19000,80000,Diesel
590,Hyundai Entourage,Hyundai,2007,9000,140000,Petrol
591,Hyundai Lavita,Hyundai,2004,6000,110000,Petrol
592,Hyundai Tiburon,Hyundai,2006,7000,130000,Petrol
593,Hyundai Grand Starex,Hyundai,2009,12000,150000,Diesel
594,Hyundai Galloper,Hyundai,2002,5000,180000,Diesel
596,Hyundai HB20,Hyundai,2017,10000,70000,Petrol
597,Hyundai Santro Xing,Hyundai,2013,8000,90000,Petrol
599,Hyundai Sonata,Hyundai,2005,6000,140000,Petrol
600,Hyundai Coupe,Hyundai,2008,8000,100000,Petrol
584,Hyundai Scoupe Turbo,Hyundai,1997,6000,120000,Petrol
585,Hyundai ix45,Hyundai,2013,16000,90000,Diesel
586,Hyundai Terracan,Hyundai,2005,8000,160000,Diesel
587,Hyundai Pony,Hyundai,1990,3000,200000,Petrol
588,Hyundai i40 Tourer,Hyundai,2013,14000,100000,Diesel
589,Hyundai i800,Hyundai,2015,19000,80000,Diesel
590,Hyundai Entourage,Hyundai,2007,9000,140000,Petrol
591,Hyundai Lavita,Hyundai,2004,6000,110000,Petrol
592,Hyundai Tiburon,Hyundai,2006,7000,130000,Petrol
593,Hyundai Grand Starex,Hyundai,2009,12000,150000,Diesel
596,Hyundai HB20,Hyundai,2017,10000,70000,Petrol
597,Hyundai Santro Xing,Hyundai,2013,8000,90000,Petrol
598,Hyundai ix25,Hyundai,2016,14000,70000,Petrol
601,BMW 530d xDrive,BMW,2017,48000,40000,Diesel
602,BMW X4 xDrive20d,BMW,2018,42000,45000,Diesel
603,BMW 640d Gran,BMW,2015,55000,50000,Diesel
604,BMW X6 xDrive40d,BMW,2016,58000,35000,Diesel
605,BMW M4 Convertible,BMW,2017,90000,20000,Petrol
606,BMW X2 sDrive18d,BMW,2019,32000,35000,Diesel
607,BMW 125d Hatchback,BMW,2016,30000,50000,Diesel
608,BMW 220i Convertible,BMW,2017,35000,40000,Petrol
609,BMW X3 M,BMW,2021,85000,15000,Petrol
610,BMW 330e Plug-in,BMW,2018,50000,30000,Hybrid
611,BMW 420i Gran,BMW,2016,38000,45000,Petrol
612,BMW X4 M40i,BMW,2019,60000,20000,Petrol
615,BMW 330i xDrive,BMW,2019,45000,40000,Petrol
616,BMW X1 sDrive18i,BMW,2016,25000,60000,Petrol
618,Toyota Camry 65,Toyota,2017,20200,55100,Hybrid
620,Toyota Avalon Touring,Toyota,2020,38700,20200,Petrol
621,Toyota Crown Athlete,Toyota,2021,52500,10800,Hybrid
622,Toyota Prius XLE,Toyota,2019,25600,40200,Petrol
623,Toyota Supra 2.0,Toyota,2021,55700,10100,Petrol
624,Toyota Yaris Sedan,Toyota,2020,17200,30800,Hybrid
625,Toyota Highlander XLE,Toyota,2018,45700,25500,Petrol
627,Toyota Prado GXL,Toyota,2019,61200,15200,Petrol
628,Toyota Estima Hybrid,Toyota,2022,32500,22600,Hybrid
629,Toyota Alphard Executive,Toyota,2018,75200,10400,Petrol
630,Toyota Camry 60,Toyota,2016,18200,60200,Hybrid
631,Toyota Corolla 45,Toyota,2017,16200,32700,Hybrid
632,Toyota Avalon XSE,Toyota,2022,42700,18200,Petrol
633,Toyota Camry 70,Toyota,2019,20500,65500,Hybrid
634,Toyota Corolla 60,Toyota,2021,19800,23700,Hybrid
635,Toyota Avalon Limited,Toyota,2020,39700,21400,Petrol
636,Toyota Crown Majesta,Toyota,2023,75000,9800,Hybrid
638,Toyota Land Cruiser,Toyota,2015,47000,145000,Petrol
639,Toyota Land Cruiser,Toyota,2015,47000,145000,Petrol
640,Toyota Land Cruiser,Toyota,2015,47000,145000,Petrol
641,Honda Fit,Honda,2002,4529,350000,Petrol
642,Honda Fit,Honda,2003,4869,200000,Petrol
643,Honda Fit,Honda,2003,6568,350000,Petrol
644,Honda Fit,Honda,2003,6794,320000,Petrol
645,Honda Fit,Honda,2004,6000,550000,Petrol
646,Honda Fit,Honda,2003,6228,300000,Petrol
647,Honda Fit,Honda,2002,5662,240000,Petrol
648,Honda Fit,Honda,2006,6228,340000,Petrol
649,Honda Fit,Honda,2003,5662,190000,Petrol
650,Honda Fit,Honda,2012,9000,134000,Petrol
651,Honda Fit,Honda,2008,6600,237000,Petrol
651,Honda Fit,Honda,2013,8500,50000,Petrol
652,Honda Fit,Honda,2003,7250,175000,Petrol
653,Honda Fit,Honda,2004,7700,250000,Petrol
654,Honda Fit,Honda,2003,6500,200000,Petrol
655,Honda Fit,Honda,2004,5096,223894,Petrol
656,Honda Fit,Honda,2005,7021,280000,Petrol
657,Honda Fit,Honda,2001,5350,290000,Petrol
658,Honda Fit,Honda,2004,5096,223874,Petrol
659,Honda Fit,Honda,2005,7021,120000,Petrol
660,Honda Fit,Honda,2001,5350,290000,Petrol
661,Honda Fit,Honda,2008,7500,106550,Petrol
662,Honda Fit,Honda,2002,4900,175000,Petrol
663,Honda Fit,Honda,2004,9059,180000,Petrol
664,Honda Fit,Honda,2001,5662,320000,Petrol
665,Honda Fit,Honda,2004,6558,220000,Petrol
666,Honda Fit,Honda,2003,4416,290000,Petrol
667,Honda Fit,Honda,2003,7700,310000,Petrol
668,Honda Fit,Honda,2004,6900,262000,Petrol
669,Honda Fit,Honda,2002,4700,250000,Petrol
660,Honda Fit,Honda,2003,7247,227000,Petrol
671,Honda Fit,Honda,2009,7400,185000,Petrol
671,Honda Fit,Honda,2004,6681,294896,Petrol
672,Honda Fit,Honda,2003,7250,175000,Petrol
673,Honda Fit,Honda,2007,8500,120000,Petrol
674,Honda Fit,Honda,2004,7927,120000,Petrol
675,Honda Fit,Honda,2011,9000,86600,Petrol
676,Honda Fit,Honda,2002,4726,350000,Petrol
677,Honda Fit,Honda,2002,5332,290000,Petrol
678,Honda Fit,Honda,2003,6568,447972,Petrol
679,Honda Fit,Honda,2002,4869,333622,Petrol
680,Honda Fit,Honda,2005,4400,280000,Petrol
681,Honda Fit,Honda,2003,7200,278000,Petrol
682,Honda Fit,Honda,2008,7600,180000,Petrol
683,Honda Fit,Honda,2004,7055,121000,Petrol
684,Honda Fit,Honda,2008,7060,180000,Petrol
685,Honda Fit,Honda,2004,7055,121000,Petrol
686,Honda Fit,Honda,2003,5718,212000,Petrol
687,Honda Fit,Honda,2004,5662,223000,Petrol
688,Honda Fit,Honda,2006,8338,46250,Petrol
689,Honda Fit,Honda,2002,4077,334000,Petrol
690,Honda Fit,Honda,2003,5888,299999,Petrol
691,Honda Fit,Honda,2016,6700,200001,Petrol
692,Honda Fit,Honda,2002,6200,100000,Petrol
693,Honda Fit,Honda,2004,5300,250000,Petrol
694,Honda Fit,Honda,2002,6300,170000,Petrol
695,Honda Fit,Honda,2006,7000,222000,Petrol
696,Honda Fit,Honda,2004,7813,280000,Petrol
697,Honda Fit,Honda,2010,10000,164000,Petrol
698,Honda Fit,Honda,2006,9000,127589,Petrol
699,Honda Fit,Honda,2002,5500,340000,Petrol
700,Kia K5 2.0,Kia,2018,18500,98000,Petrol
701,Kia K7 3.3,Kia,2016,15000,130000,Petrol
702,Kia Sportage 2.0,Kia,2020,20500,65000,Petrol
703,Kia K5 2.0,Kia,2018,16000,112000,LPG
704,Kia Seltos 1.6,Kia,2020,18000,45000,Petrol
705,Kia K7 3.0,Kia,2018,14500,199000,LPG
706,Kia K5 2.0,Kia,2018,13500,195000,LPG
707,Kia K5 2.0,Kia,2016,13500,65000,Petrol
708,Kia Sorento 1.6,Kia,2020,37000,44400,Hybrid
709,Kia Sorento 2.0,Kia,2016,19300,90000,Diesel
710,Kia Optima 2.4,Kia,2018,10000,89000,Petrol
711,Kia Sorento 8-speed,Kia,2017,20500,140000,Diesel
712,Kia Carnival 2.2,Kia,2021,27500,60000,Diesel
713,Kia K5 2.0,Kia,2018,14500,97000,LPG
714,Kia K3 1.6,Kia,2018,13000,130000,Petrol
715,Kia Morning 1.0,Kia,2020,8900,38800,Petrol
716,Kia Morning 1.0,Kia,2019,9000,70000,LPG
717,Kia Carnival 2.2,Kia,2020,36500,41000,Diesel
718,Kia Carnival 2.2,Kia,2017,15300,126000,Diesel
719,Kia Sorento 2.5,Kia,2021,35000,39000,Petrol
720,Kia K5 LPi,Kia,2019,15900,102000,LPG
721,Kia K5 2.0,Kia,2019,16500,85000,Petrol
722,Kia Sorento 2.2,Kia,2020,32500,40000,Diesel
723,Kia Carnival 2.2,Kia,2018,27000,75000, Diesel
724,Kia K5 1.6,Kia,2020,16500,50000,Petrol
725,Kia Sportage 1.6,Kia,2019,19000,55000,Petrol
726,Kia Rio 1.4,Kia,2017,11000,85000,Petrol
728,Kia Seltos 1.4,Kia,2020,20500,48000,Petrol
729,Kia Optima 2.0,Kia,2017,13500,110000,Petrol
730,Kia Sportage 1.7,Kia,2016,14500,80000,Diesel
731,Kia Sorento 2.2,Kia,2019,27500,42000,Diesel
732,Kia Sorento 2.0,Kia,2020,32000,30000,Petrol
733,Kia Sportage 2.0,Kia,2017,16500,70000,Petrol
734,Kia Soul 1.6,Kia,2018,14500,55000,Petrol
735,Kia Optima 1.7,Kia,2016,11500,90000,Diesel
736,Kia Sorento 2.2,Kia,2020,35000,28000,Diesel
737,Kia Rio 1.4,Kia,2020,14000,40000,Petrol
738,Kia Sportage 1.6,Kia,2018,17500,55000,Petrol
739,Kia Soul 1.6,Kia,2017,13500,70000,Petrol
740,Kia Optima 2.0,Kia,2018,16500,65000,Petrol
741,Kia Sportage 1.7,Kia,2016,13500,90000,Diesel
742,Kia Sorento 2.2,Kia,2018,25500,50000,Diesel
743,Kia Optima PHEV,Kia,2018,24500,30000,Plug-in Hybrid
744,Kia Ceed 1.4,Kia,2017,13500,70000,Petrol
745,Kia K5 2.0,Kia,2018,14800,110000,Petrol
746,Kia Sorento 2.5,Kia,2021,34000,32000,Petrol
747,Kia Carnival 2.2,Kia,2020,36500,41000,Diesel
748,Kia K5 2.0,Kia,2020,17500,29000,Petrol
749,Kia Sorento 2.2,Kia,2018,28000,70000,Diesel
750,Kia Carnival 2.2,Kia,2019,27000,55000,Diesel
751,Kia K5 1.6T,Kia,2021,18500,20000,Petrol
752,Kia Sorento 1.6T,Kia,2020,33000,38000,Hybrid
753,Kia Carnival 3.5,Kia,2017,24000,85000,Petrol
754,Kia K5 2.0,Kia,2017,13500,120000,LPG
755,Kia Sorento 2.0,Kia,2021,36000,25000,Diesel
756,Kia Carnival 2.2,Kia,2018,25500,65000,Diesel
757,Kia K5 2.0,Kia,2019,15000,95000,Petrol
758,Kia Sorento 2.5,Kia,2020,34500,32000,Petrol
759,Kia Carnival 2.2,Kia,2017,15000,140000,Diesel
760,Kia K5 2.0,Kia,2018,14700,110000,LPG
761,Kia Sorento 2.2,Kia,2019,28500,55000,Diesel
762,Kia Carnival 3.3,Kia,2018,25000,78000,Petrol
763,Kia K5 2.0,Kia,2020,16800,40000,LPG
764,Kia Sorento 2.0,Kia,2018,27500,55000,Diesel
765,Kia Carnival 2.2,Kia,2017,14500,150000,Diesel
766,Kia K5 2.0,Kia,2019,16500,85000,LPG
767,Kia Sorento 2.5,Kia,2021,33500,29000,Petrol
768,Kia K5 2.0,Kia,2020,17000,35000,Petrol
769,Kia Sorento 2.2,Kia,2019,29000,60000,Diesel
770,Kia Carnival 3.5,Kia,2018,26000,70000,Petrol
771,Kia K5 1.6T,Kia,2021,19000,22000,Petrol
772,Kia Sorento 2.0,Kia,2020,33500,40000,Petrol
773,Kia Carnival 2.2,Kia,2019,27500,50000,Diesel
774,Kia K5 2.0,Kia,2018,14500,115000,LPG
775,Kia Sorento 2.5,Kia,2021,35000,28000,Petrol
776,Kia Carnival 2.2,Kia,2017,15500,130000,Diesel
777,Kia K5 2.0,Kia,2019,16000,90000,Petrol
778,Kia Sorento 2.2,Kia,2020,34000,35000,Diesel
779,Kia Carnival 2.2,Kia,2018,26500,60000,Diesel
780,Kia K5 1.6T,Kia,2020,17500,40000,Petrol
781,Kia Sorento 1.6T,Kia,2021,35500,32000,Hybrid
782,Kia Carnival 3.3,Kia,2017,23500,80000,Petrol
783,Kia K5 2.0,Kia,2017,13800,120000,Petrol
784,Kia Sorento 2.0,Kia,2019,30000,45000,Petrol
785,Kia Carnival 2.2,Kia,2019,28000,48000,Diesel
786,Kia K5 2.0,Kia,2018,15000,105000,LPG
787,Kia Sorento 2.5,Kia,2021,35500,30000,Petrol
788,Kia Carnival 2.2,Kia,2017,14800,145000,Diesel
789,Kia K5 2.0,Kia,2020,17200,37000,Petrol
790,Kia Sorento 2.2,Kia,2018,28500,58000,Diesel
791,Kia Carnival 3.5,Kia,2019,27000,52000,Petrol
792,Kia K5 1.6T,Kia,2021,18000,25000,Petrol
793,Kia Sorento 2.0,Kia,2020,32500,36000,Petrol
794,Kia Carnival 2.2,Kia,2018,26000,68000,Diesel
795,Kia K5 2.0,Kia,2017,14200,118000,LPG
796,Kia Sorento 2.5,Kia,2021,34500,29000,Petrol
797,Kia Morning 1.0,Kia,2018,9500,115000,Petrol
799,Kia Sorento 2.2T,Kia,2021,31000,87000,Diesel
800,Honda Fit,Honda,2002,5234,150000,Petrol
801,Honda Fit,Honda,2003,4876,205000,Petrol
802,Honda Fit,Honda,2004,7650,123000,Petrol
803,Honda Fit,Honda,2001,6320,278000,Petrol
804,Honda Fit,Honda,2005,7450,193000,Petrol
805,Honda Fit,Honda,2003,5100,230000,Petrol
806,Honda Fit,Honda,2004,5880,110000,Petrol
807,Honda Fit,Honda,2002,4680,145000,Petrol
808,Honda Fit,Honda,2001,7920,287000,Petrol
809,Honda Fit,Honda,2005,6570,180000,Petrol
810,Honda Fit,Honda,2003,4590,210000,Petrol
811,Honda Fit,Honda,2004,5400,220000,Petrol
812,Honda Fit,Honda,2005,6100,195000,Petrol
813,Honda Fit,Honda,2002,5700,160000,Petrol
814,Honda Fit,Honda,2001,6900,270000,Petrol
815,Honda Fit,Honda,2003,4800,135000,Petrol
816,Honda Fit,Honda,2004,5300,145000,Petrol
817,Honda Fit,Honda,2005,7600,182000,Petrol
818,Honda Fit,Honda,2001,6400,275000,Petrol
819,Honda Fit,Honda,2002,4950,190000,Petrol
820,Honda Fit,Honda,2003,5600,150000,Petrol
821,Honda Fit,Honda,2004,6800,200000,Petrol
822,Honda Fit,Honda,2005,7200,170000,Petrol
823,Honda Fit,Honda,2002,4300,280000,Petrol
824,Honda Fit,Honda,2001,4800,290000,Petrol
825,Honda Fit,Honda,2003,7500,220000,Petrol
826,Honda Fit,Honda,2004,5800,130000,Petrol
827,Honda Fit,Honda,2005,6700,140000,Petrol
828,Honda Fit,Honda,2001,4600,265000,Petrol
829,Honda Fit,Honda,2002,6300,160000,Petrol
830,Honda Fit,Honda,2003,7100,210000,Petrol
831,Honda Fit,Honda,2004,4900,190000,Petrol
832,Honda Fit,Honda,2005,6500,120000,Petrol
833,Honda Fit,Honda,2001,4800,250000,Petrol
834,Honda Fit,Honda,2002,5500,170000,Petrol
835,Honda Fit,Honda,2003,6000,230000,Petrol
836,Honda Fit,Honda,2004,7200,140000,Petrol
837,Honda Fit,Honda,2005,7700,150000,Petrol
838,Honda Fit,Honda,2001,5200,275000,Petrol
839,Honda Fit,Honda,2002,4700,210000,Petrol
840,Honda Fit,Honda,2003,6300,180000,Petrol
841,Honda Fit,Honda,2004,5600,220000,Petrol
842,Honda Fit,Honda,2005,6900,200000,Petrol
843,Honda Fit,Honda,2001,4300,280000,Petrol
844,Honda Fit,Honda,2002,5100,260000,Petrol
845,Honda Fit,Honda,2003,4700,240000,Petrol
846,Honda Fit,Honda,2004,5500,180000,Petrol
847,Honda Fit,Honda,2005,7000,195000,Petrol
848,Honda Fit,Honda,2001,5800,170000,Petrol
849,Honda Fit,Honda,2002,6900,190000,Petrol
850,Honda Fit,Honda,2003,5400,150000,Petrol
851,Honda Fit,Honda,2004,7200,200000,Petrol
852,Honda Fit,Honda,2005,6200,170000,Petrol
853,Honda Fit,Honda,2001,6700,270000,Petrol
854,Honda Fit,Honda,2002,5900,280000,Petrol
855,Honda Fit,Honda,2003,5200,260000,Petrol
856,Honda Fit,Honda,2004,4700,170000,Petrol
857,Honda Fit,Honda,2005,6800,270000,Petrol
858,Honda Fit,Honda,2001,6500,160000,Petrol
859,Honda Fit,Honda,2002,4700,290000,Petrol
860,Honda Fit,Honda,2003,7300,150000,Petrol
861,Honda Fit,Honda,2004,5800,240000,Petrol
862,Honda Fit,Honda,2005,4900,250000,Petrol
863,Honda Fit,Honda,2001,5600,180000,Petrol
864,Honda Fit,Honda,2002,6200,190000,Petrol
865,Honda Fit,Honda,2003,5700,130000,Petrol
866,Honda Fit,Honda,2004,6600,170000,Petrol
867,Honda Fit,Honda,2005,7100,230000,Petrol
868,Honda Fit,Honda,2001,5300,280000,Petrol
869,Honda Fit,Honda,2002,6800,210000,Petrol
870,Honda Fit,Honda,2003,5400,190000,Petrol
871,Honda Fit,Honda,2004,6700,200000,Petrol
872,Honda Fit,Honda,2005,4700,270000,Petrol
873,Honda Fit,Honda,2001,6100,150000,Petrol
874,Honda Fit,Honda,2002,4800,220000,Petrol
875,Honda Fit,Honda,2003,6500,270000,Petrol
876,Honda Fit,Honda,2004,5200,160000,Petrol
877,Honda Fit,Honda,2005,4900,180000,Petrol
878,Honda Fit,Honda,2001,7300,260000,Petrol
879,Honda Fit,Honda,2002,6600,140000,Petrol
880,Honda Fit,Honda,2003,6900,250000,Petrol
881,Honda Fit,Honda,2004,5800,170000,Petrol
882,Honda Fit,Honda,2005,5300,130000,Petrol
883,Honda Fit,Honda,2001,5600,200000,Petrol
884,Honda Fit,Honda,2002,6200,280000,Petrol
885,Honda Fit,Honda,2003,7500,210000,Petrol
886,Honda Fit,Honda,2004,4600,250000,Petrol
887,Honda Fit,Honda,2005,6100,190000,Petrol
888,Honda Fit,Honda,2001,4700,230000,Petrol
889,Honda Fit,Honda,2002,5700,260000,Petrol
890,Honda Fit,Honda,2003,6800,150000,Petrol
891,Honda Fit,Honda,2004,4900,170000,Petrol
892,Honda Fit,Honda,2005,6400,200000,Petrol
893,Honda Fit,Honda,2001,7500,180000,Petrol
894,Honda Fit,Honda,2002,5300,250000,Petrol
895,Honda Fit,Honda,2003,5600,220000,Petrol
896,Honda Fit,Honda,2004,6000,240000,Petrol
897,Honda Fit,Honda,2005,6700,210000,Petrol
898,Honda Fit,Honda,2001,6800,270000,Petrol
899,Honda Fit,Honda,2002,4800,140000,Petrol
